-- MySQL dump 10.13  Distrib 5.5.18, for Linux (x86_64)
--
-- Host: localhost    Database: symfony
-- ------------------------------------------------------
-- Server version	5.5.18

/*!40101 SET @OLD_CHARACTER_SET_CLIENT=@@CHARACTER_SET_CLIENT */;
/*!40101 SET @OLD_CHARACTER_SET_RESULTS=@@CHARACTER_SET_RESULTS */;
/*!40101 SET @OLD_COLLATION_CONNECTION=@@COLLATION_CONNECTION */;
/*!40101 SET NAMES utf8 */;
/*!40103 SET @OLD_TIME_ZONE=@@TIME_ZONE */;
/*!40103 SET TIME_ZONE='+00:00' */;
/*!40014 SET @OLD_UNIQUE_CHECKS=@@UNIQUE_CHECKS, UNIQUE_CHECKS=0 */;
/*!40014 SET @OLD_FOREIGN_KEY_CHECKS=@@FOREIGN_KEY_CHECKS, FOREIGN_KEY_CHECKS=0 */;
/*!40101 SET @OLD_SQL_MODE=@@SQL_MODE, SQL_MODE='NO_AUTO_VALUE_ON_ZERO' */;
/*!40111 SET @OLD_SQL_NOTES=@@SQL_NOTES, SQL_NOTES=0 */;

--
-- Table structure for table `Article`
--

DROP TABLE IF EXISTS `Article`;
/*!40101 SET @saved_cs_client     = @@character_set_client */;
/*!40101 SET character_set_client = utf8 */;
CREATE TABLE `Article` (
  `id` int(11) NOT NULL AUTO_INCREMENT,
  `title` varchar(255) NOT NULL,
  `content` longtext NOT NULL,
  PRIMARY KEY (`id`)
) ENGINE=InnoDB AUTO_INCREMENT=5 DEFAULT CHARSET=utf8;
/*!40101 SET character_set_client = @saved_cs_client */;

--
-- Dumping data for table `Article`
--

LOCK TABLES `Article` WRITE;
/*!40000 ALTER TABLE `Article` DISABLE KEYS */;
INSERT INTO `Article` VALUES (1,'features','<ul>\r\n<li>aaaa</li>\r\n</ul>'),(2,'about','asdasd'),(3,'support','test'),(4,'contact-us','test');
/*!40000 ALTER TABLE `Article` ENABLE KEYS */;
UNLOCK TABLES;

--
-- Table structure for table `Calendar`
--

DROP TABLE IF EXISTS `Calendar`;
/*!40101 SET @saved_cs_client     = @@character_set_client */;
/*!40101 SET character_set_client = utf8 */;
CREATE TABLE `Calendar` (
  `id` int(11) NOT NULL AUTO_INCREMENT,
  `title` varchar(255) NOT NULL,
  `enabled` tinyint(1) NOT NULL,
  `description` longtext NOT NULL,
  `ownerId` int(11) NOT NULL,
  `privacyType` varchar(7) NOT NULL,
  PRIMARY KEY (`id`)
) ENGINE=InnoDB AUTO_INCREMENT=40 DEFAULT CHARSET=utf8;
/*!40101 SET character_set_client = @saved_cs_client */;

--
-- Dumping data for table `Calendar`
--

LOCK TABLES `Calendar` WRITE;
/*!40000 ALTER TABLE `Calendar` DISABLE KEYS */;
INSERT INTO `Calendar` VALUES (0,'default',0,'',0,'private'),(26,'Birthdays',1,'my bdaysaa',1,'private'),(30,'Uni Life',1,'hahahah',1,'private'),(31,'Family Events',1,'aaa',1,'private'),(32,'School',1,'aaa',1,'private'),(33,'Office',1,'asdsad',1,'private'),(34,'Bikers events',0,'asd',1,'private'),(38,'Facebook-events',1,'Events synced from facebook',1,'private'),(39,'Facebook-Birthdays',1,'Birthdays synced from facebook',1,'private');
/*!40000 ALTER TABLE `Calendar` ENABLE KEYS */;
UNLOCK TABLES;

--
-- Table structure for table `CalendarShare`
--

DROP TABLE IF EXISTS `CalendarShare`;
/*!40101 SET @saved_cs_client     = @@character_set_client */;
/*!40101 SET character_set_client = utf8 */;
CREATE TABLE `CalendarShare` (
  `id` int(11) NOT NULL AUTO_INCREMENT,
  `calendarId` int(11) NOT NULL,
  `username` varchar(255) NOT NULL,
  `description` longtext NOT NULL,
  PRIMARY KEY (`id`)
) ENGINE=InnoDB AUTO_INCREMENT=4 DEFAULT CHARSET=utf8;
/*!40101 SET character_set_client = @saved_cs_client */;

--
-- Dumping data for table `CalendarShare`
--

LOCK TABLES `CalendarShare` WRITE;
/*!40000 ALTER TABLE `CalendarShare` DISABLE KEYS */;
INSERT INTO `CalendarShare` VALUES (1,26,'oshan','aaaa'),(2,26,'oshan','asdasd'),(3,26,'oshan','aaa');
/*!40000 ALTER TABLE `CalendarShare` ENABLE KEYS */;
UNLOCK TABLES;

--
-- Table structure for table `Menu`
--

DROP TABLE IF EXISTS `Menu`;
/*!40101 SET @saved_cs_client     = @@character_set_client */;
/*!40101 SET character_set_client = utf8 */;
CREATE TABLE `Menu` (
  `id` int(11) NOT NULL AUTO_INCREMENT,
  `label` varchar(255) NOT NULL,
  `parent` int(11) NOT NULL,
  `description` longtext NOT NULL,
  `type` int(11) NOT NULL,
  `url` varchar(255) NOT NULL,
  PRIMARY KEY (`id`)
) ENGINE=InnoDB AUTO_INCREMENT=3 DEFAULT CHARSET=utf8;
/*!40101 SET character_set_client = @saved_cs_client */;

--
-- Dumping data for table `Menu`
--

LOCK TABLES `Menu` WRITE;
/*!40000 ALTER TABLE `Menu` DISABLE KEYS */;
INSERT INTO `Menu` VALUES (1,'Home',0,'member home page',2,''),(2,'',0,'',0,'');
/*!40000 ALTER TABLE `Menu` ENABLE KEYS */;
UNLOCK TABLES;

--
-- Table structure for table `MenuType`
--

DROP TABLE IF EXISTS `MenuType`;
/*!40101 SET @saved_cs_client     = @@character_set_client */;
/*!40101 SET character_set_client = utf8 */;
CREATE TABLE `MenuType` (
  `id` int(11) NOT NULL AUTO_INCREMENT,
  `name` varchar(255) NOT NULL,
  PRIMARY KEY (`id`)
) ENGINE=InnoDB AUTO_INCREMENT=3 DEFAULT CHARSET=utf8;
/*!40101 SET character_set_client = @saved_cs_client */;

--
-- Dumping data for table `MenuType`
--

LOCK TABLES `MenuType` WRITE;
/*!40000 ALTER TABLE `MenuType` DISABLE KEYS */;
INSERT INTO `MenuType` VALUES (1,'guest_top'),(2,'member_main');
/*!40000 ALTER TABLE `MenuType` ENABLE KEYS */;
UNLOCK TABLES;

--
-- Table structure for table `News`
--

DROP TABLE IF EXISTS `News`;
/*!40101 SET @saved_cs_client     = @@character_set_client */;
/*!40101 SET character_set_client = utf8 */;
CREATE TABLE `News` (
  `id` int(11) NOT NULL AUTO_INCREMENT,
  `datetime` int(11) NOT NULL,
  `location` varchar(255) NOT NULL,
  `title` varchar(255) NOT NULL,
  `description` longtext NOT NULL,
  PRIMARY KEY (`id`)
) ENGINE=InnoDB AUTO_INCREMENT=202 DEFAULT CHARSET=utf8;
/*!40101 SET character_set_client = @saved_cs_client */;

--
-- Dumping data for table `News`
--

LOCK TABLES `News` WRITE;
/*!40000 ALTER TABLE `News` DISABLE KEYS */;
INSERT INTO `News` VALUES (1,1328254471,'Colombo','Tamil group to protest in Toongabbie tomorrow','A Tamil group is planning to protest a visit by the Sri Lankas High Commissioner to Australia former admiral Thisara Samarasinghe. The High Commissioner will be visiting the Christian Congregation Australia Church tomorrow, Saturday, February 4, Australian media reports. MORE...'),(2,1328253427,'Colombo','Court summons Media Minister, Army Chief, IGP ','The Court of Appeal today granted approval to hold hearings on the petition filed by the relatives of missing activists, Lalith Kumar Weeraraj and Kugan Muruganathan, requesting that they be produced before the court. MORE..'),(3,1328250395,'Colombo','Sri Lanka backs nomination of Shavendra Silva to UN','Sri Lankas envoy to Australia says it fully supports the nomination of a military officer to a UN body advising Ban Ki-moon.  Admiral Thisara Samarasinghe says Major General Shavendra Silva is a man of outstanding calibre and an appropriate choice for the UN Advisory Group on Peacekeeping Operations. MORE...'),(4,1328248896,'Colombo','Deceiving workers will lead to further strikes: railway unions ','All Ceylon Railway General Employees Union warns that the government will have to face more strike actions in the future if it continues to deceive railway workers. MORE..'),(5,1328245095,'Colombo','Investigations commence into abduction of UC chairmans brother ','(VIDEO) Police said today that investigations have commenced into the alleged abduction of the brother of the Kolonnawa Urban Council Chairman. Police spokesman SP Ajith Rohana states that so far no clear information has been received regarding the incident. MORE..'),(6,1328236192,'Colombo','UN must act at next Human Rights Council session - HRW','The United Nations Human Rights Council should address the lack of accountability for wartime abuses in Sri Lanka during its March 2012 session, Human Rights Watch said in a letter to Human Rights Council (HRC) member countries and observers today. MORE...'),(7,1328232997,'Colombo','First death on Southern Expressway','A 26 year old youth has died in the first fatal accident on the Southern Expressway this morning. According to police the victims car had skidded off the road near the 21st post near Kalutara.'),(8,1328198184,'Colombo','Sri Lanka bourse slips ahead of policy rates, IMF','Sri Lankas share market fell more than 1 percent on Thursday, erasing 28 billion rupees ($245.83 million) of value, a day ahead of the central banks monetary policy announcement and expected International Monetary Fund comments on the economy. MORE..'),(9,1328183050,'Colombo','SL to bid for 2017 Asian Youth Games','Sri Lanka will bid to host the 2017 Asian Youth Games while the President has directed the Chairman of the National Olympic Committee to prepare for the bid. No other country has yet to bid for the games while Sri Lanka may win the bid uncontested. '),(10,1328182694,'Colombo','Former Ananda College Principal cleared of corruption charges','The Colombo Magistrate today (February 2) ordered that all corruption charges against former Ananda College Principal B.A. Abeyratne be dropped immediately. MORE..'),(11,1328179252,'Colombo','North and East to get Tamil speaking accountants','On proposal made by the President Mahinda Rajapaksa, as the Minister of Finance and Planning, the Cabinet has decided to conduct a special competitive examination to recruit Tamil Speaking officers for 63 vacancies of Grade III posts in the Sri Lanka Accountants Service in the Northern and Eastern Provinces. MORE...'),(12,1328175076,'Colombo','VIDEO: Kolonnawa UC Chairmans brother abducted in white van','The Kolonnawa Urban Council Chairmans brother was abducted a short while ago by an unidentified group traveling in a white van near the Meethotamulla garbage dump, Police Spokesman SP Ajith Rohana stated.'),(13,1328174325,'Colombo','Cabinet amends Act to impose spot fines for seat belt law violations','The Cabinet has decided to amend the Motor and Traffic Act to impose spot fines on violators of the seat belt regulation, the Government Information Department said a short while ago. MORE...'),(14,1328171776,'Colombo','No ban on selling Lankan goods in Tamil Nadu','Chief Incumbent of the Chennai Maha Bodhi Society, Ven  Thiniyawala Palitha Thero stated that newspaper articles in Sri Lanka claiming that Tamil Nadu Chief Minister J. Jayalalithaa had banned the sale of Sri Lankan goods in Tamil Nadu were false. MORE..'),(15,1328170438,'Colombo','Focus on plight of Palk Bay fishermen','A 15-member research team, comprising professors, lecturers and doctorate holders from Sri Lanka, South Africa, the Netherlands and India, is conducting research on the problems faced by fishermen in Palk Bay. MORE...'),(16,1328168099,'Colombo','School in Galigamuwa closed due to bee attack','The Yattegoda Yatahalatissa Prep School in Galigamuwa was closed due to a bee attack while four students were admitted to the Kegalle Teaching Hospital following the attack. MORE..'),(17,1328164469,'Colombo','1900 vehicles breakdown on E1; Authorities mull roadworthiness certificates','Due to a large number of vehicles breaking down on the Southern expressway authorities are contemplating implementing a roadworthiness certificates to use the road, an official said. Sri Lankas first expressway, the E1 was declared open on November 27, 2011. MORE...'),(18,1328162085,'Colombo','Court issues enjoining order preventing CMC general meeting','The court issued an enjoining order preventing the Colombo Municipal Council (CMC) from holding a special general meeting called for tomorrow (February 3), 2012.'),(19,1328159124,'Colombo','Hospitals to be given medicine and equipment to treat bird flu','The medicine and necessary medical equipment needed to treat bird flu will be supplied to hospitals in Chilaw and Bingiriya, the Health Ministry stated while adding that the treatment will be a necessary precaution if any patients display symptoms similar to bird flu. MORE..'),(20,1328155868,'Colombo','Non-bailable warrants on 3 suspects of Lankan team attack','A division bench of the Lahore High Court on Wednesday once again issued non-bailable arrest warrants for three accused of the attack on Sri Lanka cricket team in March 2009 and directed the police to produce them before the court till February 27. MORE..'),(21,1328155868,'Colombo','Anchor recognizes Young Achievers across the island','Anchor, Fonterras flagship brand, recently launched a quest to find Achievers across the island through the Anchor Achievers Challenge. The challenge explores various aspects of childrens mental and physical abilities, with the aim of inspiring children to be the best they can be and celebrate the achiever in each and every child......'),(22,1328155868,'Colombo','Another first for Sayerlack Wood Solutions','Sayerlack founded in 1954, the innovative Italian wood solutions product available in Sri Lanka through JAT Holdings, has become the first brand in the world to obtain the CATAS  WKI Premium Plus Certificate......'),(23,1328155868,'Colombo','ASUS Blu-ray Combo turns 3D Fantasy to Reality','ASUS BC-12B1LT is a powerful and energy-saving Blu-ray Disc drive capable of reading from 12X BD format and writing to 16X DVD±R format, is now available in Sri Lanka. With OTS strategy, it assures the best burning quality......'),(24,1328155868,'Colombo','MARKSS HEALTHCARE conducts workshop to educate OSUSALA pharmacists on ethical dispensing if steroids','MARKSS  HEALTHCARE, a fast growing pharmaceuticals company in Sri Lanka successfully conducted another session of a series of workshops to educate pharmacists of Osusala on the responsibilities in dispensing steroids......'),(25,1328155868,'Colombo','Janashakthi launches yet another novel policy - Livestock Insurance','Janashakthi Insurance launches yet another revolutionary policy with the launch of Janashakthi Livestock Insurance Policy.....'),(26,1328155868,'Colombo','Intel helps youth build brighter, better future through better education','Intel Sri Lanka together with the Ministry of Education signed an Addendum for the donation of an additional 100 Classmate PCs to the World Ahead Program. This Addendum is a continuation of the Memorandum of Understanding signed in 2008 for the donation of 500 PCs to be set up across the country.....'),(27,1328155868,'Colombo','Mercy Malaysia hands over hospital in Sri Lanka','Mercy Malaysia today handed over to the local authorities in Sri Lanka a divisional hospital which will provide health care services to the people in Jaffna. MORE..'),(28,1328155868,'Colombo','Ramsey goal dents Uniteds title charge','An Aaron Ramsey goal was enough to see Arsenal take all three points against Manchester United at the Emirates Stadium a short while ago. The loss severely dampens Uniteds record 19th title bid as they face second placed Chelsea at Old Trafford next week with a slender three point lead. MORE..'),(29,1328155868,'Colombo','Murali forgives Hair but Howards jibe still offends','Melbourne, Oct 20 (PTI): He has forgiven and forgotten former umpire Darrell Hair but Sri Lankan spin wizard Muttiah Muralitharan says the chucker jibe that came from Australias ex-Prime Minister John Howard still rankles him. READ MORE....'),(30,1328155868,'Colombo','Cricketing legend CI passes away','Sri Lankas legendary batsman C. I. Gunasekera, who turned 90 this month passed away today. Conroy Ievers Gunasekara (born July 14, 1920) was a Sri Lankan first-class cricketer prior to his country being granted Test status. MORE...'),(31,1328155868,'Colombo','Ashanti bags top awards at IndieGo Music Awards','Ashanti de Alvis wins Best Female Singer (Gold), Most Creative Act and Best Pop Act of Asia (Silver) at Indigo Music Awards, South Asias 1st Music awards. MORE..'),(32,1328155868,'Colombo','Oscar nominations revealed','Nominations for the 84th annual Academy Awards were announced this morning. Mystique herself -- Jennifer Lawrence, who was nominated last year for best actress -- made the announcement with Academy president Tom Sherak. MORE..'),(33,1328155868,'Colombo','Sri Lankan-American singer Bhi Bhiman displays mordant humor in Bhiman','As with a singer like Antony Hegarty (of Antony and the Johnsons) or Iris Dement, what strikes you first about Bhi Bhimans music is his voice  a keening, gender-neutral yawp thats as earthy as it is ethereal, as puckish as it is wise. MORE..'),(34,1328155868,'Colombo','Shehan Karunatilaka wins DSC Prize for Chinaman','The US $50,000 DSC Prize for South Asian Literature which celebrates the richness and diversity of South Asian writing was awarded to Sri Lankan author Shehan Karunatilaka, for his novel Chinaman at the ongoing Jaipur Literature Festival. MORE..'),(35,1328439478,'Colombo','Hirunika to join active politics','The daughter of former MP Baratha Lakshman Premachandra, Hirunika Premachandra stated that she will join active politics through the Sri Lanka Mahajana Party.'),(36,1328439262,'Colombo','Health Ministry to amend laws concerning fake doctors','The Health Ministry is set to amend the laws concerning fraudulent doctors who have no qualifications in the medical field stating that a minimum fail sentence of five years should be given instead of the Rs.10,000 fine that is currently being implemented. MORE..'),(37,1328436306,'Colombo','Body found on the Kelani River','The body of a person who had drowned while bathing in the Kelani River was found today (February 5) by Naval officers, the police stated. MORE..'),(38,1328430758,'Colombo','Two suspects apprehended for running marijuana racket','Two suspects were apprehended for the operation of a large scale marijuana racket in the Bellanthara area while the Dehiwala police arrested the two in possession of four kilogrammes of marijuana. MORE..'),(39,1328421840,'Colombo','Two die and two injured after trishaw crashes into lorry','Two persons were killed when a trishaw crashed into a stationary lorry on the Maradankadawala-Habarana road in Kekirawa, police stated. Two other were critically injured and were rushed to hospital for treatment. MORE..'),(40,1328418180,'Colombo','Roads around Gangaramaya closed for Navam Perahera','Several roads around Gangaramaya will be closed on February 6 and 7 from 6.45pm until the end of the Navam Perahera, police stated.'),(41,1328417617,'Colombo','Two buses collide injuring 16 people','A SLTB bus and a private bus collided on the Hambantota-Tangalle road near the Sittikulama junction injuring and hospitalizing 16 people this morning at 6.45am police stated. MORE..'),(42,1328415637,'Colombo','Water cut in Dehiwala, Mt. Lavinia and Ratmalana','A water cut is currently being enforced in Dehiwala, Mount Lavinia and Ratmalana areas due to a breakdown while the Water Supply and Drainage Board stated that water will be restored soon.'),(43,1328414845,'Colombo','Three persons shot over dispute in Mawathagama','Three people were shot in the Mailagasweva area in Mawathagama last night at around 7pm following which the shooter had fled the scene, police stated. MORE..'),(44,1328378913,'Colombo','Heavy snowfall in London causes flight cancellations','Due to heavy snowfall expected in London, apt authorities in Heathrow have informed airlines of possible flight cancellations into the London Heathrow Airport on Sunday (February 5). MORE..'),(45,1328355173,'Colombo','Body of woman found floating in the Diyawannawa Oya','A body of a woman has been found floating in the Diyawannawa Oya near the Polduwa bridge in Kumbukgahaduwa today (February 4), the Welikada police stated. MORE..'),(46,1328351916,'Colombo','Four year old dies after speeding van crashes into tree','A four year old girl died in an accident after a speeding van lost control and crashed into a tree on the Padeniya-Anuradhapura road in Mahawa today (February 4), police stated. Six others were critically injured in the incident and were rushed to the Kurunegala hospital. MORE..'),(47,1328344500,'Colombo','President urges people to show courage amidst economic woes','President Mahinda Rajapakse marked Sri Lankas national day on Saturday by appealing to the country to show strength and courage in the face of a worsening global economic crisis. MORE..'),(48,1328340482,'Colombo','UPDATE: IPL teams splash the cash for Mahela and Murali','The Delhi Daredevils bought Sri Lankan captain Mahela Jayawardena for US $1.4million in the Indian Premier League player auction while spin legend Muttiah Muralitharan was bought for US $220,000 by the Royal Challengers Bangalore. MORE..'),(49,1328335569,'Colombo','One person killed and four injured in accident in Batticaloa','One person was killed and four others were critically injured when a vehicle drove off the road and crashed into a tree in the Valaichchenai area in Batticaloa, police stated. MORE..'),(50,1328331252,'Colombo','Executive powers will not be used against the people - President','Executive powers will not be used to go against the wishes of the people, the President stated in his Independence Day speech while adding that he the government is committed towards good governance and the independence of the judiciary system.'),(51,1328329596,'Colombo','Parliament, the most suitable to find solution to National issue','Parliament is the most suitable institution to find solutions to the National issue while all parties should unite to do so, President Mahinda Rajapaksa stated in his Independence Day message.'),(52,1328327510,'Colombo','The freedom in the country is cause to rejoice - President','The freedom to make decisions regarding the country and the people has been achieved and to watch that freedom being strengthened within the public is something to rejoice, President Mahinda Rajapaksa stated in his Independence Day message. MORE..'),(53,1328280815,'Colombo','Mahiyangana Kandy road closed due to land slide','The Mahiyangana Kandy road has been closed from Ududumbara due to a land slide. Motorists are advised to use alternate routes, Police stated.'),(54,1328265115,'Colombo','Suspect dies inside Court','A suspect who was arrested on charges of cannabis possession died at the Akkaraipattu Magistrate court today. Akkaraipattu Police had arrested the forty year old man today morning for the possession of cannabis. MORE...'),(55,1328616517,'Colombo','TNA meet US ambassador for war crimes ','Tamil National Alliance (TNA) MPs today (Feb. 07) afternoon met with Stephen Rapp, Ambassador at Large, Office of Global Criminal Justice at the US State Depart, while on his visit to Sri Lanka. '),(56,1328614174,'Colombo','Four Lankans jailed in UK for identity fraud ','Four Sri Lankan men have been jailed in the UK for their part in a conspiracy to supply fraudulent identity documents, the British High Commission said on Tuesday (07). MORE..'),(57,1328611202,'Colombo','Deyata Kirula exhibition extended ','The Deyata Kirula 2012 development exhibition held in Oyamaduwa area in Anuradhapura has been extended till February 12, the Presidents Media Division said today. MORE..'),(58,1328609767,'Colombo','Solution to national issue shouldnt be delayed: UNP ','The United National Party today said that finding a solution to the national problem should not be delayed under any circumstance.  MORE..'),(59,1328605138,'Colombo','Douglas takes moral responsibility for Choolaimedu incident ','Minister for Traditional Industries and Small Enterprises Douglas Devananda on Tuesday said that he took moral responsibility for the Choolaimedu firing in the 1986 where one person had died. MORE..'),(60,1328600677,'Colombo','Maldives president resigns amid protests ','Maldives President Mohamed Nasheed announced his resignation Tuesday following weeks of public protests over his controversial order to arrest a senior judge. MORE..'),(61,1328599218,'Colombo','National Drug Authority to sue 12 pharmacies in Apura ','The National Drug Regulatory Authority is to take legal action against 12 pharmacies in the Anuradhapura District following raids carried out in the past several days by its officers. MORE..'),(62,1328596566,'Colombo','Nine hand grenades found near Aluth Kade Court','A total of nine hand grenades have been discovered in close proximity to the Aluth Kade Court Complex, Military spokesman Brigadier Nihal Hapuarachchi said today. MORE..'),(63,1328594425,'Colombo','Few refugees recognized from Sun Sea, Ocean Lady - report','The refugee claims from the nearly 600 Sri Lankans who paid smugglers to ferry them to Canada are moving slowly and face dwindling odds of success, new statistics show. MORE..'),(64,1328592611,'Colombo','Six held for pelting stones at train ','Thalawa Police has arrested six individuals who had pelted stones at a train traveling towards Anuradhapura from Colombo and injuring one person. MORE..'),(65,1328589341,'Colombo','Elderly couple commits suicide in Ja-Ela','Police have commenced investigations into an incident where an elderly couple had allegedly committed suicide by hanging themselves at their residence in Awariyawatta, Ja-Ela. MORE..'),(66,1328584766,'Colombo','UPDATE: Keheliya admitted to hospital in Melbourne','Mass Media and Information Minister Keheliya Rambukwella was reportedly admitted to a hospital in Melbourne, Australia following an accidental fall, sources stated. MORE..'),(67,1328548663,'Colombo','US aiming to corner Sri Lanka at UN rights session','Minister Wimal Weerawansa on Monday claimed that US was working to haul President Mahinda Rajapaksa before the international court in The Hague over allegations of war crimes. MORE..'),(68,1328530704,'Colombo','Body found at Sri Pada Uda Maluwa ','A body has been discovered today (Feb. 06) morning at the Uda Maluwa of Sri Pada by Nallathanniya Police. The body of the  deceased, a 60-year-old resident of Ambalangoda, has been placed at the Maskeliya Hospital for postmortem examination. MORE..'),(69,1328522176,'Colombo','VIDEO: Fonseka not ready to apologize, discussions positive - Anoma','Anoma Fonseka the wife of the former Army Chief Sarath Fonseka today said that she will lead a protest to free her husband on February 8. She added that on February 8 it would be exactly two years since Fonseka was arrested. MORE...'),(70,1328517250,'Colombo','ICC ranking system means nothing - Murali','Ace Former Sri Lankan spinner Muttiah Muralitharan has put a question mark over Englands number one Test ranking criticising the International Cricket Councils ranking system. MORE...'),(71,1328513846,'Colombo','Philippines quake: No tsunami threat to Sri Lanka','6.8-magnitude earthquake struck Monday off the third-largest island in the Philippines, prompting the country to issue a tsunami alert for the coastlines near the epicenter. However when contacted by Ada Derana the Sri Lankan Meteorology Department said that there is no tsunami threat to the country. MORE...'),(72,1328511016,'Colombo','Mine clearance could take 10 years or more - UNDP','Landmine clearance in Sri Lankas conflict-affected north could take more than a decade, experts say. It is expected to take [in] excess of 10 years to fully mitigate all remaining contamination in Sri Lanka, the Mine Action Project of the UN Development Programme (UNDP) in Sri Lanka told IRIN...'),(73,1328508719,'Colombo','Three Lankans arrested for attempting to flee TN','Three Sri Lankans were arrested in Rameswaram, Tamil Nade today for trying to flee the island town to Sri Lanka without proper documents, Indian police said. They said Nishant (43) and Abdul Kalam were released from Puzhal Central jail a few days back after serving a 11 year sentence for smuggling heroin in 2001. MORE...'),(74,1328505771,'Colombo','Woman immolates self in Grandpass','A young woman has immolated herself in Grandpass, Colombo. Police said the 22-year-old woman was admitted to the Colombo National Hospital last evening with severe burn injuries and had succumbed to injuries today (06) morning. MORE..'),(75,1328505771,'Colombo','M.I.A. middle finger upstages Madonnas Super Bowl','The NFL and a major television network are apologizing for another Super Bowl halftime show. MORE..'),(76,1328876624,'Colombo','Australia beat Sri Lanka in close finish','Australia defeated Sri Lanka by 5-runs in their tri-series one-day international in Perth. Angelo Mathews (64) was the final wicket to fall as Sri Lanka, chasing 232, fell short by 5 runs.'),(77,1328875349,'Colombo','Two coaches arrested over death of boxing student ','The two instructors of the student who died after sustaining an injury during boxing training have been arrested. MORE..'),(78,1328873720,'Colombo','Govt. to compensate kin of fishermen killed in storm','The government has decided to pay Rs.100, 000 as compensation to the family members of fishermen who were killed and lost at sea due to the heavy rains and gale winds that lashed the Southern coastal areas of the island in November last year. MORE..'),(79,1328870640,'Colombo','Wife, brother, brother-in-law get death sentence for husbands murder ','The Embilipitiya High Court today sentenced to death three individuals accused of man slaughter. The three were convicted of a murder which had taken place in the Sooriyawewa area in Embilipitiya in July, 1993. MORE..'),(80,1328865455,'Colombo','Pakistan to grant US$ 200 million ECF','The Government of Pakistan has agreed to extend an Export Credit Facility of US$ 200 million through the State Bank of Pakistan. The loan agreement is to be signed during President Mahinda Rajapaksas current visit to Pakistan, the Government Information Department reports. MORE..'),(81,1328861406,'Colombo','Australia restricted to 231','Australia were all out for 231 against Sri Lanka in the third ODI of the Commonwealth Bank series. Michael Clarke top scored with 57 runs off 88 balls. MORE..'),(82,1328858365,'Colombo','Injunction issued against erecting car park in Kelaniya','The Supreme Court today issued an injunction order preventing the Western Province Road Development Authority from constructing a parking lot at a private property in Kiribathgoda, Kelaniya. MORE..'),(83,1328855478,'Colombo','Golden Key case to be heard on March 9','The Colombo High Court has directed that the case regarding the Golden Key financial fraud to proceed for hearing on March 09, after defence attorneys had requested for time to prepare for the trial. MORE..'),(84,1328851021,'Colombo','Rs.7 million funds collected for Sirikotha repairs  ','The United National Party says that so far close to Rs. 7 million in funds have been collected for repairs on the party headquarters  Sirikotha, which was attacked by angry supporters following the leadership election in December. MORE..'),(85,1328848289,'Colombo','Student dies in hospital following boxing injury','An 18 year old student from Dharmapala Vidyalaya in Pannipitiya who was hospitalized after taking a hit from his opponent during boxing practices on Sunday (February 5), died early this morning (Feb 10) in hospital. MORE..'),(86,1328846252,'Colombo','Mob attacks Maldives National Museum','Several historical artifacts exhibited at the Maldives National Museum, including Buddhist statues were destroyed in a mob attack on Wednesday morning, an act of vandalism that is said to have caused unimaginable damage to the treasured Maldivian heritage. MORE..'),(87,1328842369,'Colombo','IGP ordered to provide security to Nasheeds wife','President Mahinda Rajapaksa has instructed the Inspector General of Police, N.K. Illangakoon to provide security to the wife of former Maldivian President who is in Sri Lanka currently, the Government Information Department stated.'),(88,1328808357,'Colombo','Ranil to make special statement in Parliament tomorrow','Opposition Leader Ranil Wickremasinghe is due to deliver a special statement at Parliament tomorrow (February 10) a senior MP of the United National Party (UNP) stated. MORE..'),(89,1328791023,'Colombo','AUDIO: Arrest warrant for Nasheed suspended','The arrest warrant issued for the former president of Maldives, Mahamed Nasheed has been temporarily suspended, reporter from Male said. MORE..'),(90,1328790920,'Colombo','Lankan driver admits biting girl while playing vampires','A Sri Lankan driver in Dubai claimed that he bit a 6-year-old schoolgirls cheeks and neck while playing with her a vampires game as he denied his molestation charges in court Thursday. MORE..'),(91,1328785360,'Colombo','UNP decides to empower electorates - Premadasa','The UNP Working Committee has decided to strengthen its electorates and empower its grassroots, UNP Deputy Leader Sajith Premadasa said today. To enable such empowerment the Working Committee decided to appoint new group of organizers. MORE...\n'),(92,1328782510,'Colombo','EXCLUSIVE: Im prepared to be arrested - Nasheed','Former Maldivian President Mohamed Nasheed in an exclusive interview to Ada Derana a short while ago said that he is prepared to be arrested. The police might come any time now to arrest me, I am prepared, he said. MORE...'),(93,1328781018,'Colombo','President inquires about Nasheeds safety ','President Mahinda Rajapaksa has telephoned former Maldivian President Mohamed Nasheed and inquired about his safety, Presidents Spokesman Bandula Jayasekara said.  '),(94,1328778719,'Colombo','Arrest warrant issued for Mohamed Nasheed','A criminal court in the Maldives has issued an arrest order for former president Mohamed Nasheed and his former defence minister, officials from his party told AFP today. MORE..'),(95,1328777787,'Colombo','Those against impunity have forgotten the past','Those who rise against impunity today have forgotten the past, says Petroleum Industries Minister Susil Premajayantha. MORE..'),(96,1328777787,'Colombo','Naomi Watts takes Princess Diana role in new movie','Actress Naomi Watts will play Britains Princess Diana in a new feature film about the last two years of her glamorous life that ended in tragedy, Britains Ecosse Films said on Thursday. MORE..'),(97,1329035713,'Colombo','Jobs provided the wrong way: unemployed grads','The government is not following the correct procedure when providing graduates with employment, says the Joint Unemployed Graduates Union. MORE..'),(98,1329030317,'Colombo','LPBOA to strike; other unions refuse to join  ','The Lanka Private Bus Owners Association (LPBOA) says it will continue with the proposed strike and withdraw from operating buses from midnight today (Feb. 12) after diesel prices were increased last night. MORE..'),(99,1329026854,'Colombo','Thondaman forced to leave Coimbatore following protests','In the second such incident in about month, a Sri Lankan minister was forced to leave Coimbatore on Saturday after a group of Naam Tamilar Katchi activists staged a demonstration in front of his hotel, demanding that he leave India immediately. MORE..'),(100,1329022333,'Colombo','17 Police OICs transferred','Seventeen Officers-in-Charge of Police stations have been transferred to other stations with immediate effect. The transfers were made according to a directive by the Inspector General of Police (IGP), police spokesman SP Ajith Rohana stated. MORE..'),(101,1329016852,'Colombo','8 hour water cut today - Water Board','An 8 hour water cut will be enforced today (February 11) from 9am to 5pm in areas coming under water supply schemes of Matara, Mirissa, Malimbada, Devinuwara, Gandara, Kottegoda, Dikwella and Weligama, the Water Supply and Drainage Boards stated. MORE..'),(102,1329013579,'Colombo','Whitney Houston dies at age 48','Whitney Houston, who ruled as pop musics queen until her majestic voice and regal image were ravaged by drug use, erratic behavior and a tumultuous marriage to singer Bobby Brown, has died. She was 48. MORE..'),(103,1328981085,'Colombo','Bus strike tomorrow due to fuel hike','Private bus operators will go on a strike from midnight tomorrow (February 11) after diesel prices were increased by Rs.31 per litre, Private Bus Owners Association President Gemunu Wijeyratne stated. MORE..'),(104,1328973619,'Colombo','Petrol to be increased by Rs.12; diesel by 31','A litre of petrol will be increased by Rs.12, diesel by Rs.31 and kerosene by Rs.35 with effect from midnight today, the Ministry of Petroleum stated.'),(105,1328971235,'Colombo','Oil prices to be revised; transport & fisheries sectors to get concessions','Oil prices will be revised from tonight but concessions will be given to private and public transport and fishery sectors, Government Information Department stated.'),(106,1328958672,'Colombo','US government official meets with new Maldives leader','The new president of the Maldives said Saturday that he was ready to face an independent investigation into the transfer of power in the Indian Ocean nation that his predecessor alleges was a coup. MORE..'),(107,1328953692,'Colombo','Keheliya undergoes minor surgery','The Media Minister Keheliya Rambukwella who is currently in a hospital in Melbourne, Australia underwent a minor surgery after sustaining leg injuries in an accident. MORE..'),(108,1328949942,'Colombo','Counterfeit currency mafia turns to Sri Lanka','The counterfeit currency mafia has been turning to Sri Lanka as a new transit point, revealed the recent investigations carried out by the Crime Branch and the National Investigation Agency (NIA). MORE..'),(109,1328946446,'Colombo','Talks between private bus operators and govt. positive','The talks between the private bus operators and the government regarding the fuel concessions for private buses were positive, the Private Bus Owners Association President, Gemunu Wijeyratne sated. MORE..'),(110,1328941444,'Colombo','Bus operators in Horana on strike','The private bus operators in the Horana area have gone on strike with the 120 Colombo-Horana buses and all other buses operating from the Horana bus depot joining in the protest. MORE..'),(111,1328935292,'Colombo','Man arrested with stock of marijuana','A man was arrested in possession of over three and a half kilogrammes of marijuana by police in Kaththankudi while police claimed that initial investigations revealed that the suspect carried the stock intending to sell it. MORE..'),(112,1328932449,'Colombo','PAFFREL makes special request of Elections Commissioner','The Peoples Action for Free and Fair Elections (PAFFREL) organization has made a special request of the Elections Commissioner to protect the votes of the people with regards to the Pudukuduirippu and Muhudubadapattu local government elections. MORE..'),(113,1328899312,'Colombo','Maldives ex-president Nasheed demands election, warns of protests','MALE (Reuters): The former president of the Maldives, Mohamed Nasheed, demanded on Friday fresh elections and said he would organise street protests in the Indian Ocean archipelago best known as a luxury beach getaway if polls were not called.  READ MORE.....'),(114,1328897437,'Colombo','Visit Lanka for fair analysis on facts, not fiction: HC Dr. Nonis','Sri Lankas High Commissioner in the United Kingdom, Dr. Chris Nonis has called on all those in the international community to visit Sri Lanka, so they may make a fair, objective and impartial analysis of the countrys post-conflict progress based on facts not fiction.  READ MORE.....'),(115,1328890596,'Colombo','Zardari calls for expanding Pak-Sri Lanka bilateral trade&#8206;','President of Pakistan Asif Ali Zardari on Friday called for stepping up efforts to fully realize the potential of Free Trade Agreement with Sri Lanka and building a mutually beneficial economic and trade partnership to jack up the bilateral trade from current $375 million to $2 billion target in the next three years. MORE..'),(116,1328888419,'Colombo','Cabinet sub-committee to monitor HR Action Plan','The government has decided to appoint a Cabinet Sub-Committee to monitor the process of speedy implementation of the proposals in the Human Rights Action Plan, Acting Cabinet Spokesperson and Minister Anura Priyadarshana Yapa told the Cabinet press briefing today.  MORE..'),(117,1328888419,'Colombo','Whitney Houston dies at age 48','Whitney Houston, who ruled as pop musics queen until her majestic voice and regal image were ravaged by drug use, erratic behavior and a tumultuous marriage to singer Bobby Brown, has died. She was 48. MORE..'),(118,1329222959,'Colombo','Fuel hike due to govts debts: UNP','The United National Party (UNP) says the government is burdening the public by raising fuel prices because it is exceedingly indebted. Sri Lanka has turned into a country which is excessively dependant on loans, the partys General Secretary Tissa Attanayake said. MORE..'),(119,1329218894,'Colombo','India and Sri Lanka share dramatic tie ','India (236/9) tied against Sri Lanka in the 5th One Day International of the Commonwealth Bank Series at Adelaide Oval a short while ago. Gautam Gambhir top scored with 91. MORE..'),(120,1329217421,'Colombo','Duplication Road inundated due to heavy rain','Duplication Road in Colombo is inundated due heavy downpour, says the Disaster Management Center. Therefore motorists are advised to use alternative routes. '),(121,1329215832,'Colombo','Stocks slide 4%, rupee hits record low','The Colombo Stock Market fell more than 4.5 percent in early trade on Tuesday, breaking through the psychological 5,000-point barrier, as margin calls mounted and the rupee hit a record low. MORE..'),(122,1329210756,'Colombo','Fishermen given diesel and kerosene subsidies ','A subsidy of Rs. 12 per litre of diesel will be granted for one-day and multiday fishing boats while fishermen will also be given a subsidy of Rs. 25 per litre of kerosene, Fisheries and Aquatic Resources Minister Rajitha Senaratne said. MORE..'),(123,1329205280,'Colombo',' Woman sentenced to death for killing illicit lover ','A woman charged with murder was sentenced to death by the Kegalle High Court today (Feb. 14). She was accused of carrying out an acid attack on her alleged lover on February 07, 2006 which resulted in his death. MORE..'),(124,1329204809,'Colombo','Dead body found on Torrington Avenue','A dead body was found between Torrington Avenue and Boteju Mawatha in Colombo 5 this morning (February 14) by the Narahenpita Police, Police Spokesman SP Ajith Roahan stated. MORE..'),(125,1329202635,'Colombo','India limit Sri Lanka to 236/9','India restricted Sri Lanka to 236 for 9 at the end of 50 overs in their Commonwealth Bank Series clash at Adelaide Oval on Tuesday as emerging batsman Dinesh Chandimal top-scored with 81. MORE..'),(126,1329202365,'Colombo','Bus fares on Southern Expressway increase by Rs.70','The bus fare from Colombo to Galle on the Southern Expressway has been increased from Rs.400 to Rs.470 with effect from today (February 14), the National Transport Board Chairman Roshan Gunawardena stated.'),(127,1329202037,'Colombo','Decision on power tariff revision tomorrow ','The Public Utilities Commission of Sri Lanka (PUCSL) is to provide its final decision regarding an electricity tariff revision tomorrow (Feb. 15) while an official of the commission hinted that electricity tariffs are likely to increase. MORE..'),(128,1329199516,'Colombo','Predeniya arts students boycott lectures ','Arts Faculty students of the Peradeniya University are boycotting classes from today in protest to the expulsion of the arts faculty students union leader and the arrest and imprisoning of three students. MORE..'),(129,1329195639,'Colombo','PS member assaulted by MP Nimal Wijesinghe','A member of the Rideegama Pradeshiya Sabha has allegedly been attacked by a Member of Parliament. The PS members was abducted and assaulted by Kurunegala District MP Nimal Wijesinghe, claims Rideegama Pradeshiya Sabha Chairman Kumari Pallemulla. MORE..'),(130,1329192443,'Colombo','Discussion to decide on fuel concessions for Fishermen','A special discussion on providing fuel concessions to fishermen will take place today (February 14), the Fisheries Minister Rajitha Senaratne stated. The discussion will take place between the representatives of the National Fisheries Federation and the Ministry officials. MORE..'),(131,1329181300,'Colombo','Pillay raises concern about Shavendra to Ban','UN human rights chief Navi Pillay said on Monday that she has raised concerns in a letter to Secretary-General Ban Ki-moon about the appointment of a Sri Lankan army general to Bans senior advisory panel on peacekeeping. MORE...'),(132,1329153165,'Colombo','Electricity tariff hike next?','Electricity tariffs would also be increased before long as a result of the dramatic rise in fuel prices, government sources say. MORE..'),(133,1329140434,'Colombo','Bus fares increased by 20%','All bus fares including private and SLTB fares will be increased by 20% with the minimum fare of Rs.9 with effect from midnight today.'),(134,1329137722,'Colombo','Bus strike called off','Private bus operators have decided to call off the strike after discussions with the authorities, the Lanka Private Bus Operators Association (LPBOA) stated. MORE..'),(135,1329133875,'Colombo','US to support resolution against Sri Lanka at UNHRC','The US will support a resolution against Sri Lanka at the UN Human Rights Council, Assistant Secretary of State Robert Blake said today, asserting that the Lankan government has not done enough to implement the LLRC recommendations. MORE..'),(136,1329129059,'Colombo','Four remanded for attacking buses; 46 arrests so far ','Four persons out of the 29 arrested for attacking private buses operating in Narahenpita were ordered remanded by the Colombo Magistrates Court today (Feb. 13). MORE..'),(137,1329126871,'Colombo','Australia criticises Sri Lankas LLRC report','Australia has added its voice to international criticism of the Sri Lankan government report on the countrys civil war but stopped short of joining calls for a fresh, independent inquiry. MORE..'),(138,1329126871,'Colombo','Adele sweeps 54th Grammy Awards','Soul singer Adele triumphed over Rihanna, Bruno Mars and Lady Gaga to win the Album of the Year award for her chart-topping 21 and five other trophies at the 54th Grammy awards. MORE..'),(139,1329363873,'Colombo','Lankan Army officers bag stolen on Indian train','A Sri Lankan army officers bag containing cash, passport and other valuables was stolen from the Malwa Express soon after it left the New Delhi railway station on February 13. MORE..'),(140,1329362366,'Colombo','Two children die following landslide','Two children aged 11 and 16 were killed after a mound of earth fell on their home on the Welimada-Nuwara-Eliya road early this morning (February 16), police stated. MORE..'),(141,1329355160,'Colombo','Tamil Nadu keen on retrieving Katchatheevu from Sri Lanka','Reiterating its earlier stand on the retrieval of Katchatheevu from Sri Lanka, the Tamil Nadu government has stated that restoration of traditional fishing rights of Indian fishermen, which if not implemented, will mean that Tamil Nadu fishermen will have to stop fishing and starve. MORE...'),(142,1329323651,'Colombo','Curfew imposed in Chilaw ','Police curfew has been imposed in Chilaw town area till 6 a.m. tomorrow (February 16). Chilaw Police said the curfew was imposed in order to maintain law and order and control unrest in the area, after one person was shot dead during a demonstration by fishermen earlier today. MORE..'),(143,1329303126,'Colombo','VIDEO: Police fire teargas at JVP protest ','Police fired tear gas and used water cannon in an attempt to disperse a JVP led demonstration in Maligawatta a short while ago, the Ada Derana reporter confirms.'),(144,1329302954,'Colombo','Southern Province SLTB bus operators end strike','The Southern Province Sri Lanka Transport Board (SLTB) buses have ended the strike they began earlier today for demands that were still not met by the government.'),(145,1329300603,'Colombo','VIDEO: Bus operators prepared to reduce fares if subsidy is granted','The Private Bus Owners Association (PBOA) stated that it is ready to reduce bus fares if the government presents a transparent mechanism for providing fuel subsidies without the involvement of the National Transport Commission (NTC). MORE..'),(146,1329300173,'Colombo','UPDATE: Army to probe LLRC observations, Channel 4 video','The Army Commander Jagath Jayasuriya has appointed a member Court of Inquiry to probe into the observations made by the Lessons Learnt and Reconciliation Commission(LLRC) on alleged civilian casualties during the final stage of the war and the content of the Channel 4 video. MORE...'),(147,1329296911,'Colombo','Fuel surcharge imposed on Electricity bills, 25-40% on households','(UPDATE) A fuel surcharge of 25% to 40% will be imposed with effect from midnight today on electricity bills for household users based on use, the Chairman of the Public Utilities Commission of Sri Lanka (PUCSL) said today. MORE...'),(148,1329293214,'Colombo','Sri Lanka strengthens economic ties with Singapore','Singapore and Sri Lankas business federations have signed a memorandum of understanding (MOU) to promote investment relations between the two countries. MORE..'),(149,1329288720,'Colombo','One person killed following shooting in Chilaw','One person was killed following a shooting during a demonstration by fishermen in Chilaw town a short while ago, Chilaw hospital sources stated. MORE..'),(150,1329288325,'Colombo','VIDEO: Tense situation in Chilaw after police fire teargas ','A tense situation has erupted in Chilaw after police fired teargas at protesters a short while ago. A shooting has also been reported in the area while Chilaw hospital sources stated that several injured parties have been admitted to hospital.'),(151,1329286383,'Colombo','Southern Province SLTB bus operators on strike','The Southern Province Sri Lanka Transport Board(SLTB) busses have commenced a strike, a Matara depot spokesman told Ada Derana. He added that the decision to strike was taken over demands not yet met. MORE...'),(152,1329285221,'Colombo','Court summons respondents again over Lalith and Kugan petition','The Court of Appeal today (February 15) once again ordered the respondents related to the petition filed by the relatives of missing activists Lalith Kumar Weeraraj and Kugan Muruganathan to present themselves in Court. MORE..'),(153,1329283915,'Colombo','Norway apologizes for issuing LTTE stamps','The Norwegian Postal Authority, Posten Norge, has issued an apology to the Sri Lankan Ambassador in Oslo, E. Rodney M. Perera, for the recent issuance of LTTE stamps in Norway. MORE...'),(154,1329280963,'Colombo','More heavy showers  Met. Dept.','Heavy showers expected in the Northern, Eastern, Central, Uva and other parts of the island today due to a disturbance in the atmosphere, the Meteorological Department said. Meanwhile heavy traffic congestion was reported in most parts of Colombo due to the inclement weather that prevailed.'),(155,1329277915,'Colombo','Police Constable shoots himself over love affair','A police constable in the service of the Thalangama Police used his official firearm to shoot and kill himself last night (February 15), Police Spokesman SP Ajith Rohana stated. The police constable had shot himself over a love affair, police further revealed. MORE..'),(156,1329276742,'Colombo','New Parliament General Secretary assumes duties today','Dhammika Dissanayake will assume his duties as Parliament General Secretary today (February 15). Dissanayake served as the Deputy General Secretary to the Parliament before he was appointed for his role by the President. MORE..'),(157,1329272846,'Colombo','Singapore names new Orchid, Mahinda-Shiranthi','Singapore named a new Orchid Mahinda-Shiranthi, the Presidential Spokesman stated. President Mahinda Rajapaksa will visit Singapore upon the invitation of its President today (February 15).'),(158,1329268874,'Colombo','Sri Lanka says UN concerns about general unethical','Sri Lankas U.N. mission on Tuesday dismissed as unfair and unethical concerns raised by U.N. human rights chief Navi Pillay about the appointment of a Sri Lankan army general to an advisory panel on peacekeeping. MORE...'),(159,1329532534,'Colombo','Court orders family of fisherman to avoid violence today','Upon the request of the Police, court has ordered the family of the fisherman who was killed in a protest in Chilaw to avoid any violence during the funeral today (February 18).'),(160,1329491714,'Colombo','15 police officers injured in UNP protest - Police','At least fifteen (15) police officers inclusive of three Deputy Inspector Generals (DIGs) were injured when UNP protestors acted in a provocative manner in Colombo Fort today, the Government Information Department quoting Police Spokesman SP Ajith Rohana said. MORE..'),(161,1329481116,'Colombo','Jayalath Jayawardena hopitalized after UNP protest','UNP Gampaha District MP Dr. Jayalath Jayawardena has been admitted to the Colombo National Hospital after suffering injuries during the UNP protest in Fort, which was dispersed by police using tear gas. MORE..'),(162,1329479119,'Colombo','Road in front of Fort Railway Station closed','The road in front of the Fort Railway Station has been closed due to the UNP demonstration. Police had used tear gas in an attempt to disperse the protest against the fuel price hike.  '),(163,1329478309,'Colombo','Maldives has best relationship with Sri Lanka: President Waheed','Sri Lanka providing refuge to former President Mohamed Nasheeds family will have no affect on the relationship between the current Maldivian government and Colombo, says new President Dr. Mohamed Waheed Hassan comparing the two nations to brother and sister. MORE..'),(164,1329476744,'Colombo','Police fire tear gas at UNP protest','Police fired tear gas at a protest organized by the United National Party today (Feb. 17) in front of the Colombo Fort railway station against the increase in fuel prices. MORE..'),(165,1329475203,'Colombo','Sri Lanka cruise to 8 wicket win','  Sri Lanka cruised to an 8-wicket victory over Australia by reaching the required 152 runs in just 24.1 runs in the sixth ODI of the ongoing CB series at the SCG. Skipper Mahela Jayawardena led from the front as he scored an unbeaten 61 runs while earning Sri Lanka a bonus point. '),(166,1329473238,'Colombo','Sangakkara reaches 10,000 ODI runs','Kumar Sangakkara reached 10,000 runs in One Day Internationals a short while ago against Australia in Sydney. Sangakkara is the third Sri Lankan to reach the milestone having played 315 matches. MORE..'),(167,1329471323,'Colombo','Govt. grants three-wheelers fuel subsidy','Three-wheel drivers will be provided with a subsidy of Rs.10 per litre of petrol, up to three litres per day for 25 per month, General Secretary of the SLFP Minister Maithreepala Sirisena said today.'),(168,1329466943,'Colombo','Lankan bowlers restrict Aussies to 158','David Husseys half-century helped Australia set Sri Lanka a score of 152 runs as victory target according to the D/L method in the sixth ODI of the ongoing CB series at the SCG on Friday. MORE..'),(169,1329465523,'Colombo','GMOA asks govt. for increase in allowances','The Government Medical Officers Association (GMOA) has requested the government to effectively increase the attendance and transport allowances of the doctors. MORE..'),(170,1329460817,'Colombo','2-year-old hit and killed by tractor','A 2-year-old child was killed today (Feb. 17) morning in Radaliyadda, Bibila after he was hit by a tractor, engaged in illegal sand transportation. MORE..'),(171,1329458738,'Colombo','BOC to release Rs.600mil to pay SLC wages','The Bank of Ceylon (BOC) has agreed to release Rs.600 million to settle the player payments of Sri Lanka Cricket while the pending salaries will be paid by February 28, the Sports Ministry stated. MORE..'),(172,1329454082,'Colombo','Bakery owners to decide on price hike today ','The All Ceylon Bakery Owners Association says it will reach a final decision today (Feb. 17) regarding an increasing in prices of bakery products, due to the recent fuel price hike. MORE..'),(173,1329449491,'Colombo','UNP protest against fuel hike this evening','The UNP have organized a protest against the recent fuel hike in Colombo today (February 17) evening while UNP General Secretary Tissa Attanayake stated that all the opposition parties are welcome to join the protest. MORE..'),(174,1329443062,'Colombo','Sri Lanka Army inquiry a delaying tactic - HRW','The Sri Lankan armys announcement that it had appointed a five-member court of inquiry to investigate allegations that its forces committed serious violations of the laws of war appears to be another government delaying tactic in the face of mounting international pressure, Human Rights Watch said today. MORE...'),(175,1329414512,'Colombo','India pitches for early conclusion of trade, services pact','India made a strong case for an early conclusion and scheduling of SAARC Agreement on Trade and Services as well as better arrangement for movement of cargo and passenger vehicles within the region, at the SAFTA Ministerial Council Meeting here (Islamabad) on Thursday. MORE..'),(176,1329397528,'Colombo','Seventeen hospitalised after lightning strike','Sixteen army personnel and a civilian were taken to the Matara-Kumburupitiya hospital after they were struck by lightning in the Kumburupitiya area a short while ago, the Disaster Management Centre reported.'),(177,1329390020,'Colombo','Govt. appoints taskforce for 2013 SAARC games in New Delhi','The government has appointed a taskforce in order to compete more successfully at the 2013 SAARC games being held in New Delhi India, Sports Minister Mahindananda Aluthgamage stated. MORE..'),(178,1329385128,'Colombo','Meter Taxi fares go up','Three wheel taxi fare will be increased by Rs. 2 per kilometer from midnight today due to the recent fuel price hike, the Secretary of the Meter Taxi Services Association Lal Kalinga said. MORE...'),(179,1329385128,'Colombo','Coca-Cola wins SLIM Peoples Choice Award','Leaders in the beverage industry - Coca-Cola, stamped its authority at the SLIM  Neilsen Peoples Awards 2012 held recently, by being awarded Winners of the prestigious Youth Beverage Brand of the Year.'),(180,1329741392,'Colombo','Bakery owners want tax relief to avoid price hike ','Bakery owners say that tax concessions should be provided without delay to the bakery industry if prices of bakery products are to remain unchanged. MORE..'),(181,1329735256,'Colombo','Three people injured in grenade explosion','Three people were injured in the Kalundegama area today (February 20) when a hand grenade which was found in a quarry exploded. The grenade exploded when the three quarry workers were inspecting it, the Thambuttegama police stated. MORE..'),(182,1329732882,'Colombo','VIDEO: Shut down Mihin Air tomorrow - Harsha de Silva ','For the past nine months we have been trying to explain to the government how its foolish economic management would affect the people, UNP MP Harsha de Silva said pointing out that it ended with the people of the country suffering a staggering blow.  MORE..'),(183,1329724045,'Colombo','Sri Lanka suffers from US-led sanctions on Iran','Sri Lanka, which relies heavily on imports of Iranian oil, is feeling the impact of US-led sanctions on Tehran. Adding to Sri Lankan frustration is the fact that the South Asian nations only oil refinery works best with Iranian light crude. MORE..'),(184,1329720356,'Colombo','Lankan dupes businessman in Kuwait ','A well-known businessman in Kuwait City has been duped by a Sri Lankan contractor, reports Al-Rai daily. MORE..'),(185,1329717381,'Colombo','Four Police OICs transferred','Another four Officers-in-Charge of Police stations have been transferred with immediate effect, the police media spokesmans office said today. MORE..'),(186,1329710063,'Colombo','VIDEO: Businessman hacked to death in Dompe','A businessman from Dompe has been hacked to death with a machete in the early hours of today (Feb. 20). Police said that the 62-year-old had left his residence in the morning and was traveling to his estate when the attack had taken place. MORE..'),(187,1329707400,'Colombo','Nine police officers injured in accident','Nine police officers and a motorcyclist were injured in an accident in the Parakumpura area in Padaviya. Police Spokesman SP Ajith Rohana stated that the incident occurred when a police jeep attempted to overtake a motorbike and veered off the road. MORE..'),(188,1329700459,'Colombo','Political meddling hurting performance - Arjuna','Former captain Arjuna Ranatunga says a lack of long-term vision from Sri Lankas cricket authorities is ruining cricket in the country. MORE...'),(189,1329675084,'Colombo','Trade Min. to conduct study on increasing goods prices ','The Ministry of Co-operatives and Internal Trade says it will conducted a study in regard to the increase in prices of essential commodities. MORE..'),(190,1329653859,'Colombo','CEB engineers take union action ','Electricity engineers of the Ceylon Electricity Board (CEB) have decided to resort to trade union action over the failure of authorities to resolve salary discrepancies. MORE..'),(191,1329650574,'Colombo','Man sleeping under lorry gets run over','A 45-year-old man was run over and killed after falling asleep under a lorry in the Arangalla area in Naula today (Feb. 19). MORE..'),(192,1329646222,'Colombo','Fuel price hike caused by wrong decisions: Dayasiri','The government should take full responsibility for the drastic rise in fuel prices, says UNP MP Dayasiri Jayasekara who claims the reason for having to increase fuel prices was due to the wrong decisions taken by the government. MORE..'),(193,1329642117,'Colombo','Customs nets over Rs. 7m in gold jewelry','Customs officials at Bandaranayke International Airport have seized gold jewelry amounting to over Rs. 7 million which had been smuggled in to the country illegally. MORE..'),(194,1329636285,'Colombo','Three wheeler drivers say no to fuel subsidy','The All Island Three Wheeler Drivers and Owners Association says it does not need the fuel subsidy promised by the government and instead will increase three wheeler charges by 5 per cent. MORE..'),(195,1329630157,'Colombo','Kerosene subsidies effective from today ','The government has decided to provide a kerosene subsidy starting from today as a remedy to the difficulties faced by the public after the price of kerosene increased by Rs. 35. MORE..'),(196,1329628490,'Colombo','Two bodies found near Dambulla Cricket Stadium ','Two unidentified bodies have been discovered near the Rangiri Dambulla International Stadium today morning. Police spokesman SP Ajith Rohana stated that the bodies were recovered from a well and that initial investigations have commenced. MORE..'),(197,1329623818,'Colombo','33 more Lankans stranded in Togo repatriated','Another batch of 33 Sri Lankans who were stranded Togo have been repatriated to the island. Around 296 Tamil refugees mainly from the North and East, sought to flee the country and seek asylum in Canada through boat, were instead dumped in Togo after being duped by an agent. MORE..'),(198,1329595077,'Colombo','I will not give up the Presidency until my duties are fulfilled','Although certain foreign powers have attempted to conspire against and oust me from the presidency, I will not leave this position before completing my duties, President Mahinda Rajapaksa stated. MORE..'),(199,1329571989,'Colombo','Temporary traffic diversion at Thambuttegama town','Traffic along the Thambuttegama-Kurunegala main road has been temporarily diverted due to an electricity post carrying high tension power lines leaning dangerously towards the road at the Thambuttegama town.  READ MORE.....'),(200,1329571989,'Colombo','Another Miss Sri Lanka debuts in Bollywood','Miss Sri Lanka 2009, Gamya Wijayadasa makes her debut in Manish Manikpuris Aalaap with an item song called Chadhti Jawaani. MORE..'),(201,1329571989,'Colombo','Alis life to be honored in Vegas by celebrities','Muhammad Ali had seven prizefights in Las Vegas, with his two losses there coming in the twilight of his legendary career. Now, dozens of heavyweight celebrities are back in Sin City to laud a lifetime in the spotlight and join the icon known as The Greatest in fighting neurological diseases. M');
/*!40000 ALTER TABLE `News` ENABLE KEYS */;
UNLOCK TABLES;

--
-- Table structure for table `Notification`
--

DROP TABLE IF EXISTS `Notification`;
/*!40101 SET @saved_cs_client     = @@character_set_client */;
/*!40101 SET character_set_client = utf8 */;
CREATE TABLE `Notification` (
  `id` int(11) NOT NULL AUTO_INCREMENT,
  `taskId` int(11) NOT NULL,
  `datetime` int(11) NOT NULL,
  `notified` tinyint(1) NOT NULL,
  `snooze` tinyint(1) NOT NULL,
  `email` tinyint(1) NOT NULL,
  `sms` tinyint(1) NOT NULL,
  `voicecall` tinyint(1) NOT NULL,
  PRIMARY KEY (`id`),
  UNIQUE KEY `UNIQ_A765AD32D34FCA37` (`taskId`),
  CONSTRAINT `FK_A765AD32D34FCA37` FOREIGN KEY (`taskId`) REFERENCES `Task` (`id`)
) ENGINE=InnoDB AUTO_INCREMENT=610 DEFAULT CHARSET=utf8;
/*!40101 SET character_set_client = @saved_cs_client */;

--
-- Dumping data for table `Notification`
--

LOCK TABLES `Notification` WRITE;
/*!40000 ALTER TABLE `Notification` DISABLE KEYS */;
INSERT INTO `Notification` VALUES (1,2,1330588740,0,0,0,0,0),(2,3,1327910340,0,0,0,0,0),(3,4,1327910340,0,0,0,0,0),(4,7,1327910340,0,0,0,0,0),(5,8,1328418240,0,0,0,0,0),(6,13,1327910640,0,0,0,0,0),(7,16,1328504640,0,0,0,0,0),(8,17,1328504640,0,0,0,0,0),(9,19,1359093600,0,0,0,0,0),(10,20,1328418240,0,0,0,0,0),(11,23,1328763540,0,0,0,0,0),(12,24,1329109260,0,0,0,0,0),(13,25,1329458340,0,0,0,0,0),(14,26,1329458340,0,0,0,0,0),(15,27,1329454740,0,0,0,0,0),(16,28,1329454740,0,0,0,0,0),(17,29,1329454740,0,0,0,0,0),(18,30,1329454740,0,0,0,0,0),(19,31,1329454740,0,0,0,0,0),(20,62,1356026400,0,0,0,0,0),(21,63,1329521940,0,0,0,0,0),(22,65,1329014040,0,0,0,0,0),(23,70,1351621800,0,0,0,0,0),(24,71,1339353000,0,0,0,0,0),(25,72,1355941800,0,0,0,0,0),(26,73,1337452200,0,0,0,0,0),(27,74,1362162600,0,0,0,0,0),(28,75,1352313000,0,0,0,0,0),(29,76,1339785000,0,0,0,0,0),(30,77,1339698600,0,0,0,0,0),(31,78,1340389800,0,0,0,0,0),(32,79,1333391400,0,0,0,0,0),(33,80,1333218600,0,0,0,0,0),(34,81,1338661800,0,0,0,0,0),(35,82,1353781800,0,0,0,0,0),(36,83,1359829800,0,0,0,0,0),(37,84,1334773800,0,0,0,0,0),(38,85,1334601000,0,0,0,0,0),(39,86,1337625000,0,0,0,0,0),(40,87,1361212200,0,0,0,0,0),(41,88,1354386600,0,0,0,0,0),(42,89,1339180200,0,0,0,0,0),(43,90,1349980200,0,0,0,0,0),(44,91,1347042600,0,0,0,0,0),(45,92,1342204200,0,0,0,0,0),(46,93,1360953000,0,0,0,0,0),(47,94,1339007400,0,0,0,0,0),(48,95,1338057000,0,0,0,0,0),(49,96,1352313000,0,0,0,0,0),(50,97,1346956200,0,0,0,0,0),(51,98,1361817000,0,0,0,0,0),(52,99,1352399400,0,0,0,0,0),(53,100,1360780200,0,0,0,0,0),(54,101,1360261800,0,0,0,0,0),(55,102,1355509800,0,0,0,0,0),(56,103,1356546600,0,0,0,0,0),(57,104,1360089000,0,0,0,0,0),(58,105,1360002600,0,0,0,0,0),(59,106,1342895400,0,0,0,0,0),(60,107,1330972200,0,0,0,0,0),(61,108,1331231400,0,0,0,0,0),(62,109,1337452200,0,0,0,0,0),(63,110,1351535400,0,0,0,0,0),(64,111,1353781800,0,0,0,0,0),(65,112,1337538600,0,0,0,0,0),(66,113,1332181800,0,0,0,0,0),(67,114,1356719400,0,0,0,0,0),(68,115,1341253800,0,0,0,0,0),(69,116,1336242600,0,0,0,0,0),(70,117,1342636200,0,0,0,0,0),(71,118,1337797800,0,0,0,0,0),(72,119,1351103400,0,0,0,0,0),(73,120,1351794600,0,0,0,0,0),(74,121,1349289000,0,0,0,0,0),(75,122,1341685800,0,0,0,0,0),(76,123,1336588200,0,0,0,0,0),(77,124,1337193000,0,0,0,0,0),(78,125,1335465000,0,0,0,0,0),(79,126,1361644200,0,0,0,0,0),(80,127,1346697000,0,0,0,0,0),(81,128,1356460200,0,0,0,0,0),(82,129,1344450600,0,0,0,0,0),(83,130,1359657000,0,0,0,0,0),(84,131,1344018600,0,0,0,0,0),(85,132,1336674600,0,0,0,0,0),(86,133,1339266600,0,0,0,0,0),(87,134,1337193000,0,0,0,0,0),(88,135,1334169000,0,0,0,0,0),(89,136,1332354600,0,0,0,0,0),(90,137,1348425000,0,0,0,0,0),(91,138,1342290600,0,0,0,0,0),(92,139,1352053800,0,0,0,0,0),(93,140,1349807400,0,0,0,0,0),(94,141,1361730600,0,0,0,0,0),(95,142,1347215400,0,0,0,0,0),(96,143,1360175400,0,0,0,0,0),(97,144,1336329000,0,0,0,0,0),(98,145,1350757800,0,0,0,0,0),(99,146,1353263400,0,0,0,0,0),(100,147,1331663400,0,0,0,0,0),(101,148,1342549800,0,0,0,0,0),(102,149,1349116200,0,0,0,0,0),(103,150,1359916200,0,0,0,0,0),(104,151,1333823400,0,0,0,0,0),(105,152,1349980200,0,0,0,0,0),(106,153,1362076200,0,0,0,0,0),(107,154,1332700200,0,0,0,0,0),(108,155,1332613800,0,0,0,0,0),(109,156,1342463400,0,0,0,0,0),(110,157,1334687400,0,0,0,0,0),(111,158,1348597800,0,0,0,0,0),(112,159,1347820200,0,0,0,0,0),(113,160,1351621800,0,0,0,0,0),(114,161,1347215400,0,0,0,0,0),(115,162,1337884200,0,0,0,0,0),(116,163,1336415400,0,0,0,0,0),(117,164,1334773800,0,0,0,0,0),(118,165,1356028200,0,0,0,0,0),(119,166,1349202600,0,0,0,0,0),(120,167,1335897000,0,0,0,0,0),(121,168,1351362600,0,0,0,0,0),(122,169,1334514600,0,0,0,0,0),(123,170,1360261800,0,0,0,0,0),(124,171,1338057000,0,0,0,0,0),(125,172,1341081000,0,0,0,0,0),(126,173,1347906600,0,0,0,0,0),(127,174,1355855400,0,0,0,0,0),(128,175,1343068200,0,0,0,0,0),(129,176,1331922600,0,0,0,0,0),(130,177,1350757800,0,0,0,0,0),(131,178,1355250600,0,0,0,0,0),(132,179,1340130600,0,0,0,0,0),(133,180,1360175400,0,0,0,0,0),(134,181,1330713000,0,0,0,0,0),(135,182,1334946600,0,0,0,0,0),(136,183,1342549800,0,0,0,0,0),(137,184,1330626600,0,0,0,0,0),(138,185,1361730600,0,0,0,0,0),(139,186,1355423400,0,0,0,0,0),(140,187,1339353000,0,0,0,0,0),(141,188,1338575400,0,0,0,0,0),(142,189,1361903400,0,0,0,0,0),(143,190,1341772200,0,0,0,0,0),(144,191,1353695400,0,0,0,0,0),(145,192,1342981800,0,0,0,0,0),(146,193,1350671400,0,0,0,0,0),(147,194,1350239400,0,0,0,0,0),(148,195,1337020200,0,0,0,0,0),(149,196,1334860200,0,0,0,0,0),(150,197,1334341800,0,0,0,0,0),(151,198,1337106600,0,0,0,0,0),(152,199,1361212200,0,0,0,0,0),(153,200,1339439400,0,0,0,0,0),(154,201,1361817000,0,0,0,0,0),(155,202,1340303400,0,0,0,0,0),(156,203,1359657000,0,0,0,0,0),(157,204,1353177000,0,0,0,0,0),(158,205,1360348200,0,0,0,0,0),(159,206,1359657000,0,0,0,0,0),(160,207,1342377000,0,0,0,0,0),(161,208,1360175400,0,0,0,0,0),(162,209,1341253800,0,0,0,0,0),(163,210,1335292200,0,0,0,0,0),(164,211,1334773800,0,0,0,0,0),(165,212,1344018600,0,0,0,0,0),(166,213,1333823400,0,0,0,0,0),(167,214,1353177000,0,0,0,0,0),(168,215,1343759400,0,0,0,0,0),(169,216,1345833000,0,0,0,0,0),(170,217,1346956200,0,0,0,0,0),(171,218,1361298600,0,0,0,0,0),(172,219,1355250600,0,0,0,0,0),(173,220,1342204200,0,0,0,0,0),(174,221,1359916200,0,0,0,0,0),(175,222,1360866600,0,0,0,0,0),(176,223,1330713000,0,0,0,0,0),(177,224,1345141800,0,0,0,0,0),(178,225,1334773800,0,0,0,0,0),(179,226,1333650600,0,0,0,0,0),(180,227,1354991400,0,0,0,0,0),(181,228,1346610600,0,0,0,0,0),(182,229,1334601000,0,0,0,0,0),(183,230,1337797800,0,0,0,0,0),(184,231,1330972200,0,0,0,0,0),(185,232,1344277800,0,0,0,0,0),(186,233,1349721000,0,0,0,0,0),(187,234,1348079400,0,0,0,0,0),(188,235,1335637800,0,0,0,0,0),(189,236,1339698600,0,0,0,0,0),(190,237,1348338600,0,0,0,0,0),(191,238,1361125800,0,0,0,0,0),(192,239,1345401000,0,0,0,0,0),(193,240,1345919400,0,0,0,0,0),(194,241,1337884200,0,0,0,0,0),(195,242,1333996200,0,0,0,0,0),(196,243,1354213800,0,0,0,0,0),(197,244,1348511400,0,0,0,0,0),(198,245,1355164200,0,0,0,0,0),(199,246,1349116200,0,0,0,0,0),(200,247,1333823400,0,0,0,0,0),(201,248,1340389800,0,0,0,0,0),(202,249,1352226600,0,0,0,0,0),(203,250,1335897000,0,0,0,0,0),(204,251,1344796200,0,0,0,0,0),(205,252,1338316200,0,0,0,0,0),(206,253,1351276200,0,0,0,0,0),(207,254,1331317800,0,0,0,0,0),(208,255,1345401000,0,0,0,0,0),(209,256,1334341800,0,0,0,0,0),(210,257,1333477800,0,0,0,0,0),(211,258,1341167400,0,0,0,0,0),(212,259,1353436200,0,0,0,0,0),(213,260,1350325800,0,0,0,0,0),(214,261,1344796200,0,0,0,0,0),(215,262,1340130600,0,0,0,0,0),(216,263,1336847400,0,0,0,0,0),(217,264,1361730600,0,0,0,0,0),(218,265,1331145000,0,0,0,0,0),(219,266,1342031400,0,0,0,0,0),(220,267,1334773800,0,0,0,0,0),(221,268,1342809000,0,0,0,0,0),(222,269,1351103400,0,0,0,0,0),(223,270,1337106600,0,0,0,0,0),(224,271,1351276200,0,0,0,0,0),(225,272,1338143400,0,0,0,0,0),(226,273,1353954600,0,0,0,0,0),(227,274,1354991400,0,0,0,0,0),(228,275,1347474600,0,0,0,0,0),(229,276,1337193000,0,0,0,0,0),(230,277,1352313000,0,0,0,0,0),(231,278,1337106600,0,0,0,0,0),(232,279,1345487400,0,0,0,0,0),(233,280,1334082600,0,0,0,0,0),(234,281,1344709800,0,0,0,0,0),(235,282,1349375400,0,0,0,0,0),(236,283,1338057000,0,0,0,0,0),(237,284,1361644200,0,0,0,0,0),(238,285,1344364200,0,0,0,0,0),(239,286,1337538600,0,0,0,0,0),(240,287,1356201000,0,0,0,0,0),(241,288,1349634600,0,0,0,0,0),(242,289,1336847400,0,0,0,0,0),(243,290,1336156200,0,0,0,0,0),(244,291,1361644200,0,0,0,0,0),(245,292,1361385000,0,0,0,0,0),(246,293,1351017000,0,0,0,0,0),(247,294,1330972200,0,0,0,0,0),(248,295,1331749800,0,0,0,0,0),(249,296,1353781800,0,0,0,0,0),(250,297,1356633000,0,0,0,0,0),(251,298,1360607400,0,0,0,0,0),(252,299,1340821800,0,0,0,0,0),(253,300,1337193000,0,0,0,0,0),(254,301,1354386600,0,0,0,0,0),(255,302,1351794600,0,0,0,0,0),(256,303,1338229800,0,0,0,0,0),(257,304,1334169000,0,0,0,0,0),(258,305,1347993000,0,0,0,0,0),(259,306,1338921000,0,0,0,0,0),(260,307,1354300200,0,0,0,0,0),(261,308,1336501800,0,0,0,0,0),(262,309,1337279400,0,0,0,0,0),(263,310,1348857000,0,0,0,0,0),(264,311,1352399400,0,0,0,0,0),(265,312,1333218600,0,0,0,0,0),(266,313,1355769000,0,0,0,0,0),(267,314,1352053800,0,0,0,0,0),(268,315,1342031400,0,0,0,0,0),(269,316,1360348200,0,0,0,0,0),(270,317,1338229800,0,0,0,0,0),(271,318,1340562600,0,0,0,0,0),(272,319,1352745000,0,0,0,0,0),(273,320,1332873000,0,0,0,0,0),(274,321,1338143400,0,0,0,0,0),(275,322,1347820200,0,0,0,0,0),(276,323,1334169000,0,0,0,0,0),(277,324,1336069800,0,0,0,0,0),(278,325,1342895400,0,0,0,0,0),(279,326,1341340200,0,0,0,0,0),(280,327,1344623400,0,0,0,0,0),(281,328,1350412200,0,0,0,0,0),(282,329,1331231400,0,0,0,0,0),(283,330,1334514600,0,0,0,0,0),(284,331,1349375400,0,0,0,0,0),(285,332,1332181800,0,0,0,0,0),(286,333,1344537000,0,0,0,0,0),(287,334,1343413800,0,0,0,0,0),(288,335,1336933800,0,0,0,0,0),(289,336,1351794600,0,0,0,0,0),(290,337,1346956200,0,0,0,0,0),(291,338,1344277800,0,0,0,0,0),(292,339,1339266600,0,0,0,0,0),(293,340,1352399400,0,0,0,0,0),(294,341,1356805800,0,0,0,0,0),(295,342,1361212200,0,0,0,0,0),(296,343,1361125800,0,0,0,0,0),(297,344,1338834600,0,0,0,0,0),(298,345,1348943400,0,0,0,0,0),(299,346,1346265000,0,0,0,0,0),(300,347,1362249000,0,0,0,0,0),(301,348,1342463400,0,0,0,0,0),(302,349,1333218600,0,0,0,0,0),(303,350,1344364200,0,0,0,0,0),(304,351,1351535400,0,0,0,0,0),(305,352,1339871400,0,0,0,0,0),(306,353,1334860200,0,0,0,0,0),(307,354,1335292200,0,0,0,0,0),(308,355,1346092200,0,0,0,0,0),(309,356,1343845800,0,0,0,0,0),(310,357,1338402600,0,0,0,0,0),(311,358,1340389800,0,0,0,0,0),(312,359,1343413800,0,0,0,0,0),(313,360,1360780200,0,0,0,0,0),(314,361,1334341800,0,0,0,0,0),(315,362,1337365800,0,0,0,0,0),(316,363,1330799400,0,0,0,0,0),(317,364,1344191400,0,0,0,0,0),(318,365,1332700200,0,0,0,0,0),(319,366,1336761000,0,0,0,0,0),(320,367,1359743400,0,0,0,0,0),(321,368,1343759400,0,0,0,0,0),(322,369,1343500200,0,0,0,0,0),(323,370,1332354600,0,0,0,0,0),(324,371,1337711400,0,0,0,0,0),(325,372,1341685800,0,0,0,0,0),(326,373,1362249000,0,0,0,0,0),(327,374,1348338600,0,0,0,0,0),(328,375,1361557800,0,0,0,0,0),(329,376,1341513000,0,0,0,0,0),(330,377,1353609000,0,0,0,0,0),(331,378,1334601000,0,0,0,0,0),(332,379,1340044200,0,0,0,0,0),(333,380,1335724200,0,0,0,0,0),(334,381,1340130600,0,0,0,0,0),(335,382,1355077800,0,0,0,0,0),(336,383,1340044200,0,0,0,0,0),(337,384,1348770600,0,0,0,0,0),(338,385,1346178600,0,0,0,0,0),(339,386,1349202600,0,0,0,0,0),(340,387,1343413800,0,0,0,0,0),(341,388,1356719400,0,0,0,0,0),(342,389,1331490600,0,0,0,0,0),(343,390,1341599400,0,0,0,0,0),(344,391,1340476200,0,0,0,0,0),(345,392,1346697000,0,0,0,0,0),(346,393,1337279400,0,0,0,0,0),(347,394,1350066600,0,0,0,0,0),(348,395,1353436200,0,0,0,0,0),(349,396,1346610600,0,0,0,0,0),(350,397,1340562600,0,0,0,0,0),(351,398,1355250600,0,0,0,0,0),(352,399,1335292200,0,0,0,0,0),(353,400,1345660200,0,0,0,0,0),(354,401,1356373800,0,0,0,0,0),(355,402,1350671400,0,0,0,0,0),(356,403,1344537000,0,0,0,0,0),(357,404,1333218600,0,0,0,0,0),(358,405,1346437800,0,0,0,0,0),(359,406,1354732200,0,0,0,0,0),(360,407,1356719400,0,0,0,0,0),(361,408,1333650600,0,0,0,0,0),(362,409,1361903400,0,0,0,0,0),(363,410,1337711400,0,0,0,0,0),(364,411,1338748200,0,0,0,0,0),(365,412,1348079400,0,0,0,0,0),(366,413,1342117800,0,0,0,0,0),(367,414,1354559400,0,0,0,0,0),(368,415,1351794600,0,0,0,0,0),(369,416,1346697000,0,0,0,0,0),(370,417,1362249000,0,0,0,0,0),(371,418,1331404200,0,0,0,0,0),(372,419,1350153000,0,0,0,0,0),(373,420,1344969000,0,0,0,0,0),(374,421,1361557800,0,0,0,0,0),(375,422,1347474600,0,0,0,0,0),(376,423,1337538600,0,0,0,0,0),(377,424,1330885800,0,0,0,0,0),(378,425,1356633000,0,0,0,0,0),(379,426,1339007400,0,0,0,0,0),(380,427,1346092200,0,0,0,0,0),(381,428,1355855400,0,0,0,0,0),(382,429,1360089000,0,0,0,0,0),(383,430,1360866600,0,0,0,0,0),(384,431,1333650600,0,0,0,0,0),(385,432,1340476200,0,0,0,0,0),(386,433,1339785000,0,0,0,0,0),(387,434,1330626600,0,0,0,0,0),(388,435,1354213800,0,0,0,0,0),(389,436,1343673000,0,0,0,0,0),(390,437,1360175400,0,0,0,0,0),(391,438,1335033000,0,0,0,0,0),(392,439,1335205800,0,0,0,0,0),(393,440,1348511400,0,0,0,0,0),(394,441,1341167400,0,0,0,0,0),(395,442,1348857000,0,0,0,0,0),(396,443,1360953000,0,0,0,0,0),(397,444,1356287400,0,0,0,0,0),(398,445,1337279400,0,0,0,0,0),(399,446,1354818600,0,0,0,0,0),(400,447,1341340200,0,0,0,0,0),(401,448,1353090600,0,0,0,0,0),(402,449,1351881000,0,0,0,0,0),(403,450,1350239400,0,0,0,0,0),(404,451,1346178600,0,0,0,0,0),(405,452,1356373800,0,0,0,0,0),(406,453,1350239400,0,0,0,0,0),(407,454,1347042600,0,0,0,0,0),(408,455,1332181800,0,0,0,0,0),(409,456,1360521000,0,0,0,0,0),(410,457,1332268200,0,0,0,0,0),(411,458,1360175400,0,0,0,0,0),(412,459,1332959400,0,0,0,0,0),(413,460,1332959400,0,0,0,0,0),(414,461,1355337000,0,0,0,0,0),(415,462,1355337000,0,0,0,0,0),(416,463,1340649000,0,0,0,0,0),(417,464,1340649000,0,0,0,0,0),(418,465,1355337000,0,0,0,0,0),(419,466,1355337000,0,0,0,0,0),(420,467,1342549800,0,0,0,0,0),(421,468,1342549800,0,0,0,0,0),(422,469,1332181800,0,0,0,0,0),(423,470,1332181800,0,0,0,0,0),(424,471,1360693800,0,0,0,0,0),(425,472,1360693800,0,0,0,0,0),(426,473,1356719400,0,0,0,0,0),(427,474,1356719400,0,0,0,0,0),(428,475,1360434600,0,0,0,0,0),(429,476,1360434600,0,0,0,0,0),(430,477,1347215400,0,0,0,0,0),(431,478,1347215400,0,0,0,0,0),(432,479,1355941800,0,0,0,0,0),(433,480,1355941800,0,0,0,0,0),(434,481,1360866600,0,0,0,0,0),(435,482,1360866600,0,0,0,0,0),(436,483,1361644200,0,0,0,0,0),(437,484,1361644200,0,0,0,0,0),(438,485,1360953000,0,0,0,0,0),(439,486,1360953000,0,0,0,0,0),(440,487,1344105000,0,0,0,0,0),(441,488,1344105000,0,0,0,0,0),(442,489,1348511400,0,0,0,0,0),(443,490,1348511400,0,0,0,0,0),(444,491,1350671400,0,0,0,0,0),(445,492,1350671400,0,0,0,0,0),(446,493,1359829800,0,0,0,0,0),(447,494,1359829800,0,0,0,0,0),(448,495,1335205800,0,0,0,0,0),(449,496,1335205800,0,0,0,0,0),(450,497,1343673000,0,0,0,0,0),(451,498,1346005800,0,0,0,0,0),(452,499,1343932200,0,0,0,0,0),(453,500,1343932200,0,0,0,0,0),(454,501,1338661800,0,0,0,0,0),(455,502,1360348200,0,0,0,0,0),(456,503,1333218600,0,0,0,0,0),(457,504,1350239400,0,0,0,0,0),(458,505,1347906600,0,0,0,0,0),(459,506,1350325800,0,0,0,0,0),(460,507,1351794600,0,0,0,0,0),(461,508,1341513000,0,0,0,0,0),(462,509,1336588200,0,0,0,0,0),(463,510,1336588200,0,0,0,0,0),(464,511,1353177000,0,0,0,0,0),(465,512,1353177000,0,0,0,0,0),(466,513,1340735400,0,0,0,0,0),(467,514,1340735400,0,0,0,0,0),(468,515,1344709800,0,0,0,0,0),(469,516,1344709800,0,0,0,0,0),(470,517,1339093800,0,0,0,0,0),(471,518,1339093800,0,0,0,0,0),(472,519,1349461800,0,0,0,0,0),(473,520,1349461800,0,0,0,0,0),(474,521,1333737000,0,0,0,0,0),(475,522,1333737000,0,0,0,0,0),(476,523,1344450600,0,0,0,0,0),(477,524,1344450600,0,0,0,0,0),(478,525,1360434600,0,0,0,0,0),(479,526,1360434600,0,0,0,0,0),(480,527,1334169000,0,0,0,0,0),(481,528,1334169000,0,0,0,0,0),(482,529,1332268200,0,0,0,0,0),(483,530,1332268200,0,0,0,0,0),(484,531,1335810600,0,0,0,0,0),(485,532,1335810600,0,0,0,0,0),(486,533,1356805800,0,0,0,0,0),(487,534,1356805800,0,0,0,0,0),(488,535,1350412200,0,0,0,0,0),(489,536,1350412200,0,0,0,0,0),(490,537,1350239400,0,0,0,0,0),(491,538,1350239400,0,0,0,0,0),(492,539,1337020200,0,0,0,0,0),(493,540,1337020200,0,0,0,0,0),(494,541,1331231400,0,0,0,0,0),(495,542,1331231400,0,0,0,0,0),(496,543,1362076200,0,0,0,0,0),(497,544,1362076200,0,0,0,0,0),(498,545,1332959400,0,0,0,0,0),(499,546,1332959400,0,0,0,0,0),(500,547,1349807400,0,0,0,0,0),(501,548,1349807400,0,0,0,0,0),(502,549,1344018600,0,0,0,0,0),(503,550,1349375400,0,0,0,0,0),(504,551,1350757800,0,0,0,0,0),(505,552,1350757800,0,0,0,0,0),(506,553,1360002600,0,0,0,0,0),(507,554,1360002600,0,0,0,0,0),(508,555,1361903400,0,0,0,0,0),(509,556,1361903400,0,0,0,0,0),(510,557,1330885800,0,0,0,0,0),(511,558,1330885800,0,0,0,0,0),(512,559,1347129000,0,0,0,0,0),(513,560,1347129000,0,0,0,0,0),(514,561,1354645800,0,0,0,0,0),(515,562,1354645800,0,0,0,0,0),(516,563,1341858600,0,0,0,0,0),(517,564,1341858600,0,0,0,0,0),(518,565,1330799400,0,0,0,0,0),(519,566,1330799400,0,0,0,0,0),(520,567,1340649000,0,0,0,0,0),(521,568,1340649000,0,0,0,0,0),(522,569,1352053800,0,0,0,0,0),(523,570,1352831400,0,0,0,0,0),(524,571,1349980200,0,0,0,0,0),(525,572,1331231400,0,0,0,0,0),(526,573,1331231400,0,0,0,0,0),(527,574,1342463400,0,0,0,0,0),(528,575,1342463400,0,0,0,0,0),(529,576,1350153000,0,0,0,0,0),(530,577,1350153000,0,0,0,0,0),(531,578,1353781800,0,0,0,0,0),(532,579,1353781800,0,0,0,0,0),(533,580,1348338600,0,0,0,0,0),(534,581,1348338600,0,0,0,0,0),(535,582,1339439400,0,0,0,0,0),(536,583,1339439400,0,0,0,0,0),(537,584,1347733800,0,0,0,0,0),(538,585,1347733800,0,0,0,0,0),(539,586,1341945000,0,0,0,0,0),(540,587,1341945000,0,0,0,0,0),(541,588,1350239400,0,0,0,0,0),(542,589,1350239400,0,0,0,0,0),(543,590,1331749800,0,0,0,0,0),(544,591,1331749800,0,0,0,0,0),(545,592,1333218600,0,0,0,0,0),(546,593,1333218600,0,0,0,0,0),(547,594,1361212200,0,0,0,0,0),(548,595,1361212200,0,0,0,0,0),(549,596,1351794600,0,0,0,0,0),(550,597,1351794600,0,0,0,0,0),(551,598,1344623400,0,0,0,0,0),(552,599,1344623400,0,0,0,0,0),(553,600,1361039400,0,0,0,0,0),(554,601,1361039400,0,0,0,0,0),(555,602,1362076200,0,0,0,0,0),(556,603,1362076200,0,0,0,0,0),(557,604,1339093800,0,0,0,0,0),(558,605,1339093800,0,0,0,0,0),(559,606,1342722600,0,0,0,0,0),(560,607,1342722600,0,0,0,0,0),(561,608,1345487400,0,0,0,0,0),(562,609,1345487400,0,0,0,0,0),(563,610,1353781800,0,0,0,0,0),(564,611,1353781800,0,0,0,0,0),(565,612,1341945000,0,0,0,0,0),(566,613,1341945000,0,0,0,0,0),(567,614,1360348200,0,0,0,0,0),(568,615,1360348200,0,0,0,0,0),(569,616,1352485800,0,0,0,0,0),(570,617,1352485800,0,0,0,0,0),(571,618,1332786600,0,0,0,0,0),(572,619,1361039400,0,0,0,0,0),(573,620,1342031400,0,0,0,0,0),(574,621,1350325800,0,0,0,0,0),(575,622,1334601000,0,0,0,0,0),(576,623,1361125800,0,0,0,0,0),(577,624,1347733800,0,0,0,0,0),(578,625,1347733800,0,0,0,0,0),(579,626,1337884200,0,0,0,0,0),(580,627,1333045800,0,0,0,0,0),(581,628,1342290600,0,0,0,0,0),(582,629,1333305000,0,0,0,0,0),(583,630,1333305000,0,0,0,0,0),(584,631,1352226600,0,0,0,0,0),(585,632,1351794600,0,0,0,0,0),(586,633,1346092200,0,0,0,0,0),(587,634,1346092200,0,0,0,0,0),(588,635,1335551400,0,0,0,0,0),(589,636,1348338600,0,0,0,0,0),(590,637,1348338600,0,0,0,0,0),(591,638,1339353000,0,0,0,0,0),(592,639,1339353000,0,0,0,0,0),(593,640,1340476200,0,0,0,0,0),(594,641,1360607400,0,0,0,0,0),(595,642,1332700200,0,0,0,0,0),(596,643,1350757800,0,0,0,0,0),(597,644,1344623400,0,0,0,0,0),(598,645,1361730600,0,0,0,0,0),(599,646,1340476200,0,0,0,0,0),(600,647,1361903400,0,0,0,0,0),(601,648,1340649000,0,0,0,0,0),(602,649,1348079400,0,0,0,0,0),(603,650,1361903400,0,0,0,0,0),(604,651,1332700200,0,0,0,0,0),(605,652,1350757800,0,0,0,0,0),(606,653,1350757800,0,0,0,0,0),(607,654,1351967400,0,0,0,0,0),(608,655,1348165800,0,0,0,0,0),(609,656,1348165800,0,0,0,0,0);
/*!40000 ALTER TABLE `Notification` ENABLE KEYS */;
UNLOCK TABLES;

--
-- Table structure for table `Product`
--

DROP TABLE IF EXISTS `Product`;
/*!40101 SET @saved_cs_client     = @@character_set_client */;
/*!40101 SET character_set_client = utf8 */;
CREATE TABLE `Product` (
  `id` int(11) NOT NULL AUTO_INCREMENT,
  `name` varchar(255) NOT NULL,
  `price` double NOT NULL,
  `description` longtext NOT NULL,
  PRIMARY KEY (`id`)
) ENGINE=InnoDB DEFAULT CHARSET=utf8;
/*!40101 SET character_set_client = @saved_cs_client */;

--
-- Dumping data for table `Product`
--

LOCK TABLES `Product` WRITE;
/*!40000 ALTER TABLE `Product` DISABLE KEYS */;
/*!40000 ALTER TABLE `Product` ENABLE KEYS */;
UNLOCK TABLES;

--
-- Table structure for table `Schedule`
--

DROP TABLE IF EXISTS `Schedule`;
/*!40101 SET @saved_cs_client     = @@character_set_client */;
/*!40101 SET character_set_client = utf8 */;
CREATE TABLE `Schedule` (
  `id` int(11) NOT NULL AUTO_INCREMENT,
  `datetime` int(11) NOT NULL,
  `command` varchar(63) NOT NULL,
  PRIMARY KEY (`id`)
) ENGINE=InnoDB AUTO_INCREMENT=20 DEFAULT CHARSET=utf8;
/*!40101 SET character_set_client = @saved_cs_client */;

--
-- Dumping data for table `Schedule`
--

LOCK TABLES `Schedule` WRITE;
/*!40000 ALTER TABLE `Schedule` DISABLE KEYS */;
INSERT INTO `Schedule` VALUES (1,1329534410,'weather:update Colombo'),(2,1329535781,'weather:update Colombo'),(3,1329535857,'weather:update Colombo'),(4,1329535972,'weather:update Colombo'),(5,1329562790,'weather:update Colombo'),(6,1329574470,'weather:update Colombo'),(7,1329574605,'weather:update Colombo'),(8,1329575811,'weather:update Colombo'),(9,1329617169,'weather:update Colombo'),(10,1329619795,'weather:update Colombo'),(11,1329621908,'weather:update Colombo'),(12,1329643692,'calendar:syncfacebook osh'),(13,1329644518,'calendar:syncfacebook osh'),(14,1329644606,'calendar:syncfacebook osh'),(15,1329644734,'calendar:syncfacebook oshan'),(16,1329645031,'weather:update Colombo'),(17,1329647327,'weather:update Colombo'),(18,1329661370,'weather:update Colombo'),(19,1329663605,'weather:update Western Province');
/*!40000 ALTER TABLE `Schedule` ENABLE KEYS */;
UNLOCK TABLES;

--
-- Table structure for table `Task`
--

DROP TABLE IF EXISTS `Task`;
/*!40101 SET @saved_cs_client     = @@character_set_client */;
/*!40101 SET character_set_client = utf8 */;
CREATE TABLE `Task` (
  `id` int(11) NOT NULL AUTO_INCREMENT,
  `task` varchar(255) NOT NULL,
  `endTime` int(11) NOT NULL,
  `calendarId` int(11) DEFAULT NULL,
  `description` longtext NOT NULL,
  `location` varchar(255) NOT NULL,
  `lng` double NOT NULL,
  `lat` double NOT NULL,
  `userId` int(11) NOT NULL,
  `taskTypeId` int(11) DEFAULT NULL,
  `startTime` int(11) NOT NULL,
  `taskRepeatId` int(11) DEFAULT NULL,
  PRIMARY KEY (`id`),
  KEY `IDX_F24C741B2D4F56A6` (`calendarId`),
  KEY `FK_F24C741BD1C4661A` (`taskTypeId`),
  KEY `IDX_F24C741B21F0771C` (`taskRepeatId`),
  CONSTRAINT `FK_F24C741B21F0771C` FOREIGN KEY (`taskRepeatId`) REFERENCES `TaskRepeat` (`id`),
  CONSTRAINT `FK_F24C741B2D4F56A6` FOREIGN KEY (`calendarId`) REFERENCES `Calendar` (`id`),
  CONSTRAINT `FK_F24C741BD1C4661A` FOREIGN KEY (`taskTypeId`) REFERENCES `TaskType` (`id`)
) ENGINE=InnoDB AUTO_INCREMENT=657 DEFAULT CHARSET=utf8;
/*!40101 SET character_set_client = @saved_cs_client */;

--
-- Dumping data for table `Task`
--

LOCK TABLES `Task` WRITE;
/*!40000 ALTER TABLE `Task` DISABLE KEYS */;
INSERT INTO `Task` VALUES (2,'Meeting',1327915800,0,'Meeting in BMICH','BMICH',79.872249709508,6.9010668381211,1,2,1327915800,4),(3,'Meeting',1327915800,0,'Meeting in BMICH','BMICH',79.872249709508,6.9010668381211,1,2,1327915800,1),(4,'Party',1327915800,0,'Party in BMICH','BMICH',79.872249709508,6.9013083279225,1,2,1327915800,1),(7,'Meeting',1327915800,0,'Meeting in BMICH','BMICH',79.872249709508,6.9013083279225,1,2,1327915800,1),(8,'Party',1328423400,0,'Party in IIT','IIT',79.85987663269,6.86516632775,1,2,1328423400,1),(13,'Visitng Lecture',1327915800,0,'Visiting Lecture in IIT','IIT',79.85987663269,6.86516632775,1,2,1327915800,1),(16,'Hangout',1328509800,0,'Hangout in IIT','IIT',79.85987663269,6.86516632775,1,2,1328509800,1),(17,'Course',1328509800,0,'Course in IIT','IIT',79.85987663269,6.86516632775,1,2,1328509800,1),(19,'Meeting',1359095400,0,'Meeting in IIT','IIT',79.85987663269,6.86516632775,1,2,1359095400,1),(20,'Meeting',1328423400,0,'Meeting in IIT','IIT',79.85987663269,6.86516632775,1,2,1328423400,1),(23,'Meeting',1328769000,0,'Meeting in Mihilaka Medura BMICH','Mihilaka Medura BMICH',79.873769,6.900086,1,2,1328769000,1),(24,'Meeting',1329114600,0,'Meeting in BMICH','BMICH',79.855185897799,6.8934181754275,1,2,1329114600,1),(25,'Meeting',1329471000,0,'Meeting in BMICH','BMICH',79.872249709508,6.9013083279225,1,2,1329463800,1),(26,'Meeting',1329471000,0,'Meeting in BMICH','BMICH',79.872249709508,6.9013083279225,1,2,1329463800,1),(27,'Meeting',0,NULL,'Meeting in BMICH','BMICH',79.872249709508,6.9013083279225,1,2,1329460200,1),(28,'Meeting',0,NULL,'Meeting in BMICH','BMICH',79.872249709508,6.9010668381211,1,2,1329460200,1),(29,'Meeting',0,NULL,'Meeting in BMICH','BMICH',79.872249709508,6.9010668381211,1,2,1329460200,1),(30,'Meeting',0,NULL,'Meeting in BMICH','BMICH',79.872249709508,6.9010668381211,1,2,1329460200,1),(31,'Meeting',0,NULL,'Meeting in BMICH','BMICH',79.872249709508,6.9010668381211,1,2,1329460200,1),(62,'The End of The World',1356285600,38,'http://www.facebook.com/events/133981956624792','Party On The Beach',79.988773,6.444053,1,2,1356028200,1),(63,'\"Journey Through Nature\" Scout Exploration Competition 2012',1329571800,38,'http://www.facebook.com/events/161588817273684','Digana Raja Maha Viharaya',79.964462711396,6.8328837084845,1,2,1329525000,1),(65,'The Annual General Meeting 2012',1329039000,38,'http://www.facebook.com/events/276806262375128','Mount Lavinia',79.867125443904,6.8409822122557,1,2,1329017400,1),(70,'Harry Pereira\'s Birthday',0,39,'##Harry Pereira##','',0,0,1,5,1351621800,5),(71,'Pavan Welihinda\'s Birthday',0,39,'##Pavan Welihinda##','',0,0,1,5,581970600,5),(72,'Jorge Guerrero\'s Birthday',0,39,'##Jorge Guerrero##','',0,0,1,5,-32592600,5),(73,'Taniya Perera\'s Birthday',0,39,'##Taniya Perera##','',0,0,1,5,1337452200,5),(74,'Charitha Dumbarange\'s Birthday',0,39,'##Charitha Dumbarange##','',0,0,1,5,1327861800,5),(75,'Tithira Hiranjith Perera\'s Birthday',0,39,'##Tithira Hiranjith Perera##','',0,0,1,5,1352313000,5),(76,'Stefan Udumalagala\'s Birthday',0,39,'##Stefan Udumalagala##','',0,0,1,5,582402600,5),(77,'Tharaka Ekanayake\'s Birthday',0,39,'##Tharaka Ekanayake##','',0,0,1,5,613852200,5),(78,'Vipula S Anandapiya\'s Birthday',0,39,'##Vipula S Anandapiya##','',0,0,1,5,1340389800,5),(79,'Vinesh Jayalingam\'s Birthday',0,39,'##Vinesh Jayalingam##','',0,0,1,5,544386600,5),(80,'Rochana Wimalasiri\'s Birthday',0,39,'##Rochana Wimalasiri##','',0,0,1,5,1333218600,5),(81,'Ranil Mahavithana\'s Birthday',0,39,'##Ranil Mahavithana##','',0,0,1,5,675887400,5),(82,'Shehara Batti Jayatilaka\'s Birthday',0,39,'##Shehara Batti Jayatilaka##','',0,0,1,5,1353781800,5),(83,'Isuru Wickramaarachchi\'s Birthday',0,39,'##Isuru Wickramaarachchi##','',0,0,1,5,1325529000,5),(84,'Imalka Maddumapatabendi\'s Birthday',0,39,'##Imalka Maddumapatabendi##','',0,0,1,5,545769000,5),(85,'Shalith Bulumulle\'s Birthday',0,39,'##Shalith Bulumulle##','',0,0,1,5,671826600,5),(86,'Diylum Dananjeya Kuruppuarachchi\'s Birthday',0,39,'##Diylum Dananjeya Kuruppuarachchi##','',0,0,1,5,580242600,5),(87,'Pavith Dassanayake\'s Birthday',0,39,'##Pavith Dassanayake##','',0,0,1,5,1329589800,5),(88,'Dilushinie De Silva\'s Birthday',0,39,'##Dilushinie De Silva##','',0,0,1,5,1354386600,5),(89,'Hemal Wickramathilake\'s Birthday',0,39,'##Hemal Wickramathilake##','',0,0,1,5,518639400,5),(90,'Shazin \'Shaz\' Sadakath\'s Birthday',0,39,'##Shazin \'Shaz\' Sadakath##','',0,0,1,5,529439400,5),(91,'Ushanthi Sathiamoorthy\'s Birthday',0,39,'##Ushanthi Sathiamoorthy##','',0,0,1,5,589660200,5),(92,'Malinthe Samarakoon\'s Birthday',0,39,'##Malinthe Samarakoon##','',0,0,1,5,647893800,5),(93,'Streetster Muji Saber\'s Birthday',0,39,'##Streetster Muji Saber##','',0,0,1,5,1329330600,5),(94,'Ahmed Ashraf\'s Birthday',0,39,'##Ahmed Ashraf##','',0,0,1,5,1339007400,5),(95,'Ashard Irshard\'s Birthday',0,39,'##Ashard Irshard##','',0,0,1,5,1338057000,5),(96,'Roshan Vaidyakularatne\'s Birthday',0,39,'##Roshan Vaidyakularatne##','',0,0,1,5,594930600,5),(97,'Dilhan Sajeewana Kemantha\'s Birthday',0,39,'##Dilhan Sajeewana Kemantha##','',0,0,1,5,1346956200,5),(98,'Chandana Napagoda\'s Birthday',0,39,'##Chandana Napagoda##','',0,0,1,5,475525800,5),(99,'Thilina Gurugamage\'s Birthday',0,39,'##Thilina Gurugamage##','',0,0,1,5,595017000,5),(100,'Viduraje Karunaratne\'s Birthday',0,39,'##Viduraje Karunaratne##','',0,0,1,5,1326479400,5),(101,'Wael Marrouche\'s Birthday',0,39,'##Wael Marrouche##','',0,0,1,5,1325961000,5),(102,'Harsha Dissanayake\'s Birthday',0,39,'##Harsha Dissanayake##','',0,0,1,5,1355509800,5),(103,'Dilushie Kulasinghe\'s Birthday',0,39,'##Dilushie Kulasinghe##','',0,0,1,5,630700200,5),(104,'Kalana Wijesekara\'s Birthday',0,39,'##Kalana Wijesekara##','',0,0,1,5,476476200,5),(105,'Indika\'n Soranjani Attanayake\'s Birthday',0,39,'##Indika\'n Soranjani Attanayake##','',0,0,1,5,1325701800,5),(106,'Supun Mannapperuma\'s Birthday',0,39,'##Supun Mannapperuma##','',0,0,1,5,617049000,5),(107,'Sanjaya Chandrasena\'s Birthday',0,39,'##Sanjaya Chandrasena##','',0,0,1,5,1330972200,5),(108,'Nimashi Perera\'s Birthday',0,39,'##Nimashi Perera##','',0,0,1,5,636921000,5),(109,'Hashini Abeygunasekara\'s Birthday',0,39,'##Hashini Abeygunasekara##','',0,0,1,5,580069800,5),(110,'Kumuthan Mariapillai\'s Birthday',0,39,'##Kumuthan Mariapillai##','',0,0,1,5,688761000,5),(111,'Dısney Ranugge\'s Birthday',0,39,'##Dısney Ranugge##','',0,0,1,5,1353781800,5),(112,'Hellanga Kulatunga\'s Birthday',0,39,'##Hellanga Kulatunga##','',0,0,1,5,1337538600,5),(113,'Lasitha Bulathsinghala\'s Birthday',0,39,'##Lasitha Bulathsinghala##','',0,0,1,5,1332181800,5),(114,'Nipuna Pethiyagoda\'s Birthday',0,39,'##Nipuna Pethiyagoda##','',0,0,1,5,599337000,5),(115,'Upul Indrajith Kulasekara\'s Birthday',0,39,'##Upul Indrajith Kulasekara##','',0,0,1,5,520713000,5),(116,'Minha Mariam Jinnah\'s Birthday',0,39,'##Minha Mariam Jinnah##','',0,0,1,5,1336242600,5),(117,'Hashan Amarasiri\'s Birthday',0,39,'##Hashan Amarasiri##','',0,0,1,5,522095400,5),(118,'Thiwanka Wijesinghe\'s Birthday',0,39,'##Thiwanka Wijesinghe##','',0,0,1,5,1337797800,5),(119,'Haneez Dx\'s Birthday',0,39,'##Haneez Dx##','',0,0,1,5,1351103400,5),(120,'Dishan Mohandas\'s Birthday',0,39,'##Dishan Mohandas##','',0,0,1,5,1351794600,5),(121,'Heshan Cooray\'s Birthday',0,39,'##Heshan Cooray##','',0,0,1,5,591906600,5),(122,'Amila Eroshana Jayatillaka\'s Birthday',0,39,'##Amila Eroshana Jayatillaka##','',0,0,1,5,552681000,5),(123,'Chamila Liyanage\'s Birthday',0,39,'##Chamila Liyanage##','',0,0,1,5,1336588200,5),(124,'Vishwanath Athuraliya\'s Birthday',0,39,'##Vishwanath Athuraliya##','',0,0,1,5,579810600,5),(125,'Thilini Anuja Sinhapali\'s Birthday',0,39,'##Thilini Anuja Sinhapali##','',0,0,1,5,1335465000,5),(126,'Vindula Fernando\'s Birthday',0,39,'##Vindula Fernando##','',0,0,1,5,696191400,5),(127,'Buddika Boralu\'s Birthday',0,39,'##Buddika Boralu##','',0,0,1,5,1346697000,5),(128,'Senaka Buthpitiya\'s Birthday',0,39,'##Senaka Buthpitiya##','',0,0,1,5,1356460200,5),(129,'Tharindu Weerasooriya\'s Birthday',0,39,'##Tharindu Weerasooriya##','',0,0,1,5,681676200,5),(130,'Thilan Samarakoon\'s Birthday',0,39,'##Thilan Samarakoon##','',0,0,1,5,536437800,5),(131,'Naveen Wijeratne\'s Birthday',0,39,'##Naveen Wijeratne##','',0,0,1,5,586636200,5),(132,'Ashanka Shyamal Randeniya\'s Birthday',0,39,'##Ashanka Shyamal Randeniya##','',0,0,1,5,579292200,5),(133,'Sashin Aluwihare\'s Birthday',0,39,'##Sashin Aluwihare##','',0,0,1,5,1339266600,5),(134,'Lakshitha Pethiyagoda\'s Birthday',0,39,'##Lakshitha Pethiyagoda##','',0,0,1,5,485116200,5),(135,'Rushan Xain Hettiarachchi\'s Birthday',0,39,'##Rushan Xain Hettiarachchi##','',0,0,1,5,639858600,5),(136,'Isuru Jayasooriya\'s Birthday',0,39,'##Isuru Jayasooriya##','',0,0,1,5,574972200,5),(137,'Kasun Geewantha\'s Birthday',0,39,'##Kasun Geewantha##','',0,0,1,5,1348425000,5),(138,'Janith Dilshan Pilapitiya\'s Birthday',0,39,'##Janith Dilshan Pilapitiya##','',0,0,1,5,1342290600,5),(139,'Natalia Sanchez\'s Birthday',0,39,'##Natalia Sanchez##','',0,0,1,5,1352053800,5),(140,'Supun Induwara\'s Birthday',0,39,'##Supun Induwara##','',0,0,1,5,1349807400,5),(141,'Robert Sigma\'s Birthday',0,39,'##Robert Sigma##','',0,0,1,5,-92640600,5),(142,'Sara Linda Latham\'s Birthday',0,39,'##Sara Linda Latham##','',0,0,1,5,-735629400,5),(143,'Reshan Ranasinghe\'s Birthday',0,39,'##Reshan Ranasinghe##','',0,0,1,5,410725800,5),(144,'Manuja Jayasinghe\'s Birthday',0,39,'##Manuja Jayasinghe##','',0,0,1,5,547324200,5),(145,'Fayyaz Ibrahim\'s Birthday',0,39,'##Fayyaz Ibrahim##','',0,0,1,5,1350757800,5),(146,'Praveen Wijesinghe\'s Birthday',0,39,'##Praveen Wijesinghe##','',0,0,1,5,1353263400,5),(147,'Kasun Punchihewa\'s Birthday',0,39,'##Kasun Punchihewa##','',0,0,1,5,605817000,5),(148,'Malshan Peiris\'s Birthday',0,39,'##Malshan Peiris##','',0,0,1,5,553545000,5),(149,'Sankha Hettiaratchi\'s Birthday',0,39,'##Sankha Hettiaratchi##','',0,0,1,5,1349116200,5),(150,'Amila Siriwardana\'s Birthday',0,39,'##Amila Siriwardana##','',0,0,1,5,1328293800,5),(151,'Basura Ramanayake\'s Birthday',0,39,'##Basura Ramanayake##','',0,0,1,5,576441000,5),(152,'TC Sirimanna\'s Birthday',0,39,'##TC Sirimanna##','',0,0,1,5,592597800,5),(153,'Maas Azmi Isham\'s Birthday',0,39,'##Maas Azmi Isham##','',0,0,1,5,1327775400,5),(154,'Chris Becker\'s Birthday',0,39,'##Chris Becker##','',0,0,1,5,196626600,5),(155,'Abeetha Edirisinghe\'s Birthday',0,39,'##Abeetha Edirisinghe##','',0,0,1,5,1332613800,5),(156,'Fahiz Mohamed\'s Birthday',0,39,'##Fahiz Mohamed##','',0,0,1,5,553458600,5),(157,'Shyamini Gayathry Werapitiya\'s Birthday',0,39,'##Shyamini Gayathry Werapitiya##','',0,0,1,5,1334687400,5),(158,'Niluksha Bazzty Bastiansz\'s Birthday',0,39,'##Niluksha Bazzty Bastiansz##','',0,0,1,5,1348597800,5),(159,'Maneesha Keppetipola\'s Birthday',0,39,'##Maneesha Keppetipola##','',0,0,1,5,558815400,5),(160,'Heshan Wickramathilake\'s Birthday',0,39,'##Heshan Wickramathilake##','',0,0,1,5,688847400,5),(161,'Sndy Ab\'s Birthday',0,39,'##Sndy Ab##','',0,0,1,5,684441000,5),(162,'Madhawa Wickramasinghe\'s Birthday',0,39,'##Madhawa Wickramasinghe##','',0,0,1,5,1337884200,5),(163,'Gaminda Herath\'s Birthday',0,39,'##Gaminda Herath##','',0,0,1,5,1336415400,5),(164,'Keshaka Rubesinghe\'s Birthday',0,39,'##Keshaka Rubesinghe##','',0,0,1,5,419538600,5),(165,'Sriyal Himesh Jayasinghe\'s Birthday',0,39,'##Sriyal Himesh Jayasinghe##','',0,0,1,5,1356028200,5),(166,'Buwaneka Makuloluwa\'s Birthday',0,39,'##Buwaneka Makuloluwa##','',0,0,1,5,1349202600,5),(167,'Sheshan Ratnam\'s Birthday',0,39,'##Sheshan Ratnam##','',0,0,1,5,673122600,5),(168,'Chandima Ramawickrama\'s Birthday',0,39,'##Chandima Ramawickrama##','',0,0,1,5,1351362600,5),(169,'Yashwanth Dahanayake\'s Birthday',0,39,'##Yashwanth Dahanayake##','',0,0,1,5,671740200,5),(170,'Akila Thiraj Senevirathna\'s Birthday',0,39,'##Akila Thiraj Senevirathna##','',0,0,1,5,1328639400,5),(171,'Shammi Eranda De Silva\'s Birthday',0,39,'##Shammi Eranda De Silva##','',0,0,1,5,549052200,5),(172,'Wishwa Perera\'s Birthday',0,39,'##Wishwa Perera##','',0,0,1,5,583698600,5),(173,'Priyanke Gooneratne\'s Birthday',0,39,'##Priyanke Gooneratne##','',0,0,1,5,1347906600,5),(174,'Nirmal Fernando\'s Birthday',0,39,'##Nirmal Fernando##','',0,0,1,5,566850600,5),(175,'Nelusha Naim\'s Birthday',0,39,'##Nelusha Naim##','',0,0,1,5,1343068200,5),(176,'Isu San\'s Birthday',0,39,'##Isu San##','',0,0,1,5,1331922600,5),(177,'Parle Baron\'s Birthday',0,39,'##Parle Baron##','',0,0,1,5,1350757800,5),(178,'Gayani Fernando\'s Birthday',0,39,'##Gayani Fernando##','',0,0,1,5,1355250600,5),(179,'Mary Coba\'s Birthday',0,39,'##Mary Coba##','',0,0,1,5,1340130600,5),(180,'Ruwan Yatawara\'s Birthday',0,39,'##Ruwan Yatawara##','',0,0,1,5,571170600,5),(181,'Pete Darling\'s Birthday',0,39,'##Pete Darling##','',0,0,1,5,541708200,5),(182,'Azir Ahamed\'s Birthday',0,39,'##Azir Ahamed##','',0,0,1,5,672172200,5),(183,'Ruzni Ramzeen\'s Birthday',0,39,'##Ruzni Ramzeen##','',0,0,1,5,1342549800,5),(184,'Jeewantha Abayakoon\'s Birthday',0,39,'##Jeewantha Abayakoon##','',0,0,1,5,762546600,5),(185,'Samal Baddege\'s Birthday',0,39,'##Samal Baddege##','',0,0,1,5,633205800,5),(186,'Arunan Sadananthan\'s Birthday',0,39,'##Arunan Sadananthan##','',0,0,1,5,598041000,5),(187,'Thanushka Gunasekara\'s Birthday',0,39,'##Thanushka Gunasekara##','',0,0,1,5,455740200,5),(188,'Nilakshi Jayasundara\'s Birthday',0,39,'##Nilakshi Jayasundara##','',0,0,1,5,1338575400,5),(189,'Amry Affan\'s Birthday',0,39,'##Amry Affan##','',0,0,1,5,1330281000,5),(190,'Nadishani Jayarathna\'s Birthday',0,39,'##Nadishani Jayarathna##','',0,0,1,5,552767400,5),(191,'Ashan Hettiarachchi\'s Birthday',0,39,'##Ashan Hettiarachchi##','',0,0,1,5,1353695400,5),(192,'Niresh Rajendran\'s Birthday',0,39,'##Niresh Rajendran##','',0,0,1,5,1342981800,5),(193,'Dilum Karunaratne\'s Birthday',0,39,'##Dilum Karunaratne##','',0,0,1,5,435436200,5),(194,'Dilshard Farook\'s Birthday',0,39,'##Dilshard Farook##','',0,0,1,5,687465000,5),(195,'Dilan Sanjaya Perera\'s Birthday',0,39,'##Dilan Sanjaya Perera##','',0,0,1,5,516479400,5),(196,'Manthil Marasinghe\'s Birthday',0,39,'##Manthil Marasinghe##','',0,0,1,5,672085800,5),(197,'Rukmal Liyanarachchi\'s Birthday',0,39,'##Rukmal Liyanarachchi##','',0,0,1,5,545337000,5),(198,'Dakshita Choliya Bandara\'s Birthday',0,39,'##Dakshita Choliya Bandara##','',0,0,1,5,674332200,5),(199,'Sandun Perera\'s Birthday',0,39,'##Sandun Perera##','',0,0,1,5,601151400,5),(200,'Dineth මෙන්ඞිස්\'s Birthday',0,39,'##Dineth මෙන්ඞිස්##','',0,0,1,5,550434600,5),(201,'Tharindu Weerasekara\'s Birthday',0,39,'##Tharindu Weerasekara##','',0,0,1,5,1327516200,5),(202,'Ashani Jayakody\'s Birthday',0,39,'##Ashani Jayakody##','',0,0,1,5,1340303400,5),(203,'Rochel Jebachryshanth Canagasabey\'s Birthday',0,39,'##Rochel Jebachryshanth Canagasabey##','',0,0,1,5,1325356200,5),(204,'Nalaka Premathilaka\'s Birthday',0,39,'##Nalaka Premathilaka##','',0,0,1,5,1353177000,5),(205,'Ranil Algama\'s Birthday',0,39,'##Ranil Algama##','',0,0,1,5,1328725800,5),(206,'Nisal Bandaranayake\'s Birthday',0,39,'##Nisal Bandaranayake##','',0,0,1,5,1325356200,5),(207,'Yohan Fernando\'s Birthday',0,39,'##Yohan Fernando##','',0,0,1,5,1342377000,5),(208,'Shammi Abeyweera\'s Birthday',0,39,'##Shammi Abeyweera##','',0,0,1,5,665865000,5),(209,'Priyath Gregory\'s Birthday',0,39,'##Priyath Gregory##','',0,0,1,5,678479400,5),(210,'Raash Perera\'s Birthday',0,39,'##Raash Perera##','',0,0,1,5,1335292200,5),(211,'Hashan Dissanayake\'s Birthday',0,39,'##Hashan Dissanayake##','',0,0,1,5,671999400,5),(212,'Nuwani De Silva\'s Birthday',0,39,'##Nuwani De Silva##','',0,0,1,5,1344018600,5),(213,'Barana Waidyatilake\'s Birthday',0,39,'##Barana Waidyatilake##','',0,0,1,5,1333823400,5),(214,'Heshika Deegahawathura\'s Birthday',0,39,'##Heshika Deegahawathura##','',0,0,1,5,1353177000,5),(215,'Charitha Gunathilake\'s Birthday',0,39,'##Charitha Gunathilake##','',0,0,1,5,1343759400,5),(216,'Damien Ching\'s Birthday',0,39,'##Damien Ching##','',0,0,1,5,1345833000,5),(217,'Ashwin Dominique Jay\'s Birthday',0,39,'##Ashwin Dominique Jay##','',0,0,1,5,1346956200,5),(218,'Yasitha Lakshantha Jayasinghe\'s Birthday',0,39,'##Yasitha Lakshantha Jayasinghe##','',0,0,1,5,603916200,5),(219,'Chamika Samson\'s Birthday',0,39,'##Chamika Samson##','',0,0,1,5,1355250600,5),(220,'Marlon Romesh\'s Birthday',0,39,'##Marlon Romesh##','',0,0,1,5,1342204200,5),(221,'Kenneth Ryan Hulugalla\'s Birthday',0,39,'##Kenneth Ryan Hulugalla##','',0,0,1,5,1325615400,5),(222,'Gimasha Boteju\'s Birthday',0,39,'##Gimasha Boteju##','',0,0,1,5,632341800,5),(223,'Kanishka Raveendra Jayanath\'s Birthday',0,39,'##Kanishka Raveendra Jayanath##','',0,0,1,5,1330713000,5),(224,'Harin Dasanayake\'s Birthday',0,39,'##Harin Dasanayake##','',0,0,1,5,1345141800,5),(225,'Kenneth Cottling\'s Birthday',0,39,'##Kenneth Cottling##','',0,0,1,5,671999400,5),(226,'Ishan Uthpal\'s Birthday',0,39,'##Ishan Uthpal##','',0,0,1,5,702498600,5),(227,'Rajanya Udurawana\'s Birthday',0,39,'##Rajanya Udurawana##','',0,0,1,5,1354991400,5),(228,'Jay Stricler\'s Birthday',0,39,'##Jay Stricler##','',0,0,1,5,-231312600,5),(229,'Chathum Ekanayaka\'s Birthday',0,39,'##Chathum Ekanayaka##','',0,0,1,5,1334601000,5),(230,'Arun Prakash\'s Birthday',0,39,'##Arun Prakash##','',0,0,1,5,675023400,5),(231,'Chatura Ekanayake\'s Birthday',0,39,'##Chatura Ekanayake##','',0,0,1,5,668197800,5),(232,'Achintha Pilapitiya\'s Birthday',0,39,'##Achintha Pilapitiya##','',0,0,1,5,1344277800,5),(233,'Lahiru Ranasinghe\'s Birthday',0,39,'##Lahiru Ranasinghe##','',0,0,1,5,686946600,5),(234,'Muditha Ravinath Parapitiya\'s Birthday',0,39,'##Muditha Ravinath Parapitiya##','',0,0,1,5,559074600,5),(235,'Charith Wettasinghe Chaa\'s Birthday',0,39,'##Charith Wettasinghe Chaa##','',0,0,1,5,767557800,5),(236,'Menushka Karunakalage\'s Birthday',0,39,'##Menushka Karunakalage##','',0,0,1,5,676924200,5),(237,'Lashan Senaratne\'s Birthday',0,39,'##Lashan Senaratne##','',0,0,1,5,748722600,5),(238,'Samitha Udalagama\'s Birthday',0,39,'##Samitha Udalagama##','',0,0,1,5,572121000,5),(239,'Asitha Bandara\'s Birthday',0,39,'##Asitha Bandara##','',0,0,1,5,461788200,5),(240,'Lanthika Dhanapala\'s Birthday',0,39,'##Lanthika Dhanapala##','',0,0,1,5,777839400,5),(241,'Bill Byron\'s Birthday',0,39,'##Bill Byron##','',0,0,1,5,1337884200,5),(242,'Nilusha Kumari Dharmapala\'s Birthday',0,39,'##Nilusha Kumari Dharmapala##','',0,0,1,5,1333996200,5),(243,'Patrick Waldrum\'s Birthday',0,39,'##Patrick Waldrum##','',0,0,1,5,1354213800,5),(244,'Milinda J A Dias\'s Birthday',0,39,'##Milinda J A Dias##','',0,0,1,5,717359400,5),(245,'Imran Wahabdeen\'s Birthday',0,39,'##Imran Wahabdeen##','',0,0,1,5,1355164200,5),(246,'Aamil Anas\'s Birthday',0,39,'##Aamil Anas##','',0,0,1,5,686341800,5),(247,'Mohamed Himas\'s Birthday',0,39,'##Mohamed Himas##','',0,0,1,5,671049000,5),(248,'Ahamed Seefan\'s Birthday',0,39,'##Ahamed Seefan##','',0,0,1,5,1340389800,5),(249,'Oliver Ranjula Medonza\'s Birthday',0,39,'##Oliver Ranjula Medonza##','',0,0,1,5,-2024459600,5),(250,'Isuru Polgasdeniya\'s Birthday',0,39,'##Isuru Polgasdeniya##','',0,0,1,5,578514600,5),(251,'Esala Weerakoon\'s Birthday',0,39,'##Esala Weerakoon##','',0,0,1,5,587413800,5),(252,'Mohamed Shafie\'s Birthday',0,39,'##Mohamed Shafie##','',0,0,1,5,675541800,5),(253,'Thesaru Wemukshitha Chandralal\'s Birthday',0,39,'##Thesaru Wemukshitha Chandralal##','',0,0,1,5,688501800,5),(254,'Shashika Liyanaarachchi\'s Birthday',0,39,'##Shashika Liyanaarachchi##','',0,0,1,5,668543400,5),(255,'Kivindra De Silva\'s Birthday',0,39,'##Kivindra De Silva##','',0,0,1,5,1345401000,5),(256,'Arjuna Dangalla\'s Birthday',0,39,'##Arjuna Dangalla##','',0,0,1,5,482265000,5),(257,'Induwara BanDaranayake\'s Birthday',0,39,'##Induwara BanDaranayake##','',0,0,1,5,796933800,5),(258,'Shanaka Keerthirathne\'s Birthday',0,39,'##Shanaka Keerthirathne##','',0,0,1,5,583785000,5),(259,'Sandakalum Truise Dissanayake\'s Birthday',0,39,'##Sandakalum Truise Dissanayake##','',0,0,1,5,1353436200,5),(260,'Erandy Kulatunga\'s Birthday',0,39,'##Erandy Kulatunga##','',0,0,1,5,1350325800,5),(261,'Chandana Devarathne\'s Birthday',0,39,'##Chandana Devarathne##','',0,0,1,5,1344796200,5),(262,'Yasintha Perera\'s Birthday',0,39,'##Yasintha Perera##','',0,0,1,5,677356200,5),(263,'Pradeep John\'s Birthday',0,39,'##Pradeep John##','',0,0,1,5,674073000,5),(264,'Imesh Fernando\'s Birthday',0,39,'##Imesh Fernando##','',0,0,1,5,1327429800,5),(265,'Varuna Abeygunawardene\'s Birthday',0,39,'##Varuna Abeygunawardene##','',0,0,1,5,1331145000,5),(266,'Arjuna Senerath\'s Birthday',0,39,'##Arjuna Senerath##','',0,0,1,5,679257000,5),(267,'Miuru Bhashithe Abeysinghe\'s Birthday',0,39,'##Miuru Bhashithe Abeysinghe##','',0,0,1,5,671999400,5),(268,'Chanuka Medis\'s Birthday',0,39,'##Chanuka Medis##','',0,0,1,5,711657000,5),(269,'Irosha Karunarathne\'s Birthday',0,39,'##Irosha Karunarathne##','',0,0,1,5,1351103400,5),(270,'Lishi Maz\'s Birthday',0,39,'##Lishi Maz##','',0,0,1,5,737490600,5),(271,'Chanaka Prabhath Warnakulasooriya\'s Birthday',0,39,'##Chanaka Prabhath Warnakulasooriya##','',0,0,1,5,1351276200,5),(272,'Senthu Jei\'s Birthday',0,39,'##Senthu Jei##','',0,0,1,5,1338143400,5),(273,'Bihara Samdin\'s Birthday',0,39,'##Bihara Samdin##','',0,0,1,5,628108200,5),(274,'Helini Kulasuriya\'s Birthday',0,39,'##Helini Kulasuriya##','',0,0,1,5,565986600,5),(275,'Thilini Ranasinghe\'s Birthday',0,39,'##Thilini Ranasinghe##','',0,0,1,5,526933800,5),(276,'Thusitha Gunasekara\'s Birthday',0,39,'##Thusitha Gunasekara##','',0,0,1,5,453580200,5),(277,'Upani Wijerathne\'s Birthday',0,39,'##Upani Wijerathne##','',0,0,1,5,626466600,5),(278,'Tahir Givon\'s Birthday',0,39,'##Tahir Givon##','',0,0,1,5,1337106600,5),(279,'Shenal Pussegoda\'s Birthday',0,39,'##Shenal Pussegoda##','',0,0,1,5,682713000,5),(280,'Sânîshyâ Ratnayake\'s Birthday',0,39,'##Sânîshyâ Ratnayake##','',0,0,1,5,1334082600,5),(281,'Manoj Bandara\'s Birthday',0,39,'##Manoj Bandara##','',0,0,1,5,681935400,5),(282,'Kanchana Subhasiri\'s Birthday',0,39,'##Kanchana Subhasiri##','',0,0,1,5,686601000,5),(283,'Sudanga Liyanage\'s Birthday',0,39,'##Sudanga Liyanage##','',0,0,1,5,675282600,5),(284,'Andrew Arulraj\'s Birthday',0,39,'##Andrew Arulraj##','',0,0,1,5,667333800,5),(285,'Himesh Tennekoon\'s Birthday',0,39,'##Himesh Tennekoon##','',0,0,1,5,681589800,5),(286,'Akila Wickramaarachchi\'s Birthday',0,39,'##Akila Wickramaarachchi##','',0,0,1,5,1337538600,5),(287,'Fabian De Alwis Gunasekare\'s Birthday',0,39,'##Fabian De Alwis Gunasekare##','',0,0,1,5,693426600,5),(288,'Awad Maharoof\'s Birthday',0,39,'##Awad Maharoof##','',0,0,1,5,686860200,5),(289,'Prageeth Gamage\'s Birthday',0,39,'##Prageeth Gamage##','',0,0,1,5,705695400,5),(290,'Harsha Priyankara\'s Birthday',0,39,'##Harsha Priyankara##','',0,0,1,5,641845800,5),(291,'Chathushka Rambukwella\'s Birthday',0,39,'##Chathushka Rambukwella##','',0,0,1,5,696191400,5),(292,'Santhush Meegahawatte\'s Birthday',0,39,'##Santhush Meegahawatte##','',0,0,1,5,1327084200,5),(293,'Damith Dissanayake\'s Birthday',0,39,'##Damith Dissanayake##','',0,0,1,5,688242600,5),(294,'Indranatha Madugalle\'s Birthday',0,39,'##Indranatha Madugalle##','',0,0,1,5,1330972200,5),(295,'Heshan Japana Wijayagunawardane\'s Birthday',0,39,'##Heshan Japana Wijayagunawardane##','',0,0,1,5,1331749800,5),(296,'Heshan Punchihewa\'s Birthday',0,39,'##Heshan Punchihewa##','',0,0,1,5,691007400,5),(297,'Darren Madasekera\'s Birthday',0,39,'##Darren Madasekera##','',0,0,1,5,693858600,5),(298,'Mushtaq Fazal\'s Birthday',0,39,'##Mushtaq Fazal##','',0,0,1,5,1326306600,5),(299,'Charuka Meegoda\'s Birthday',0,39,'##Charuka Meegoda##','',0,0,1,5,678047400,5),(300,'Ajmaal Firdowzi\'s Birthday',0,39,'##Ajmaal Firdowzi##','',0,0,1,5,674418600,5),(301,'Chathura Dissanayake\'s Birthday',0,39,'##Chathura Dissanayake##','',0,0,1,5,1354386600,5),(302,'Nilhan Medagoda\'s Birthday',0,39,'##Nilhan Medagoda##','',0,0,1,5,1351794600,5),(303,'Yomal Amunugama\'s Birthday',0,39,'##Yomal Amunugama##','',0,0,1,5,1338229800,5),(304,'Imraaz Rally\'s Birthday',0,39,'##Imraaz Rally##','',0,0,1,5,1334169000,5),(305,'Krishaan Shivakumar\'s Birthday',0,39,'##Krishaan Shivakumar##','',0,0,1,5,685218600,5),(306,'Yasasvin Chamara\'s Birthday',0,39,'##Yasasvin Chamara##','',0,0,1,5,1338921000,5),(307,'Ashen Kumarasena\'s Birthday',0,39,'##Ashen Kumarasena##','',0,0,1,5,1354300200,5),(308,'Nshaff Ibrahim\'s Birthday',0,39,'##Nshaff Ibrahim##','',0,0,1,5,1336501800,5),(309,'Prasad Dunstan\'s Birthday',0,39,'##Prasad Dunstan##','',0,0,1,5,485202600,5),(310,'Nabeel Nazoordeen\'s Birthday',0,39,'##Nabeel Nazoordeen##','',0,0,1,5,686082600,5),(311,'Chamath Gamage\'s Birthday',0,39,'##Chamath Gamage##','',0,0,1,5,1352399400,5),(312,'Jayani Harischandra\'s Birthday',0,39,'##Jayani Harischandra##','',0,0,1,5,607372200,5),(313,'Vihanga Subasena\'s Birthday',0,39,'##Vihanga Subasena##','',0,0,1,5,1355769000,5),(314,'Kalinga Athauda\'s Birthday',0,39,'##Kalinga Athauda##','',0,0,1,5,531513000,5),(315,'Nipuna Jayaweera\'s Birthday',0,39,'##Nipuna Jayaweera##','',0,0,1,5,679257000,5),(316,'Sean Convay de Silva\'s Birthday',0,39,'##Sean Convay de Silva##','',0,0,1,5,1328725800,5),(317,'Ashen Fernando\'s Birthday',0,39,'##Ashen Fernando##','',0,0,1,5,580847400,5),(318,'Firaz Arkeef Shafy\'s Birthday',0,39,'##Firaz Arkeef Shafy##','',0,0,1,5,1340562600,5),(319,'Kanishka Jayasooriya\'s Birthday',0,39,'##Kanishka Jayasooriya##','',0,0,1,5,1352745000,5),(320,'Batty Walker\'s Birthday',0,39,'##Batty Walker##','',0,0,1,5,1332873000,5),(321,'Arinda Bulanawewa\'s Birthday',0,39,'##Arinda Bulanawewa##','',0,0,1,5,612297000,5),(322,'Samith Thalakiriyawa\'s Birthday',0,39,'##Samith Thalakiriyawa##','',0,0,1,5,1347820200,5),(323,'Damitha Navarathna\'s Birthday',0,39,'##Damitha Navarathna##','',0,0,1,5,671394600,5),(324,'Darshana Ududeniya\'s Birthday',0,39,'##Darshana Ududeniya##','',0,0,1,5,673295400,5),(325,'Tharindu Jayasooriya\'s Birthday',0,39,'##Tharindu Jayasooriya##','',0,0,1,5,680121000,5),(326,'Milzer Malik Hanan\'s Birthday',0,39,'##Milzer Malik Hanan##','',0,0,1,5,678565800,5),(327,'Jeff Johnson\'s Birthday',0,39,'##Jeff Johnson##','',0,0,1,5,1344623400,5),(328,'Yaparatna Weerakoon\'s Birthday',0,39,'##Yaparatna Weerakoon##','',0,0,1,5,-637738200,5),(329,'Sanjaya Wijesinghe\'s Birthday',0,39,'##Sanjaya Wijesinghe##','',0,0,1,5,700079400,5),(330,'Malitha Jayathilaka\'s Birthday',0,39,'##Malitha Jayathilaka##','',0,0,1,5,671740200,5),(331,'Prageeth Wanigasekara\'s Birthday',0,39,'##Prageeth Wanigasekara##','',0,0,1,5,686601000,5),(332,'Kasun Chathuranga Udawatta\'s Birthday',0,39,'##Kasun Chathuranga Udawatta##','',0,0,1,5,669407400,5),(333,'Praveen Abeysundera\'s Birthday',0,39,'##Praveen Abeysundera##','',0,0,1,5,776457000,5),(334,'Suchala De Silva\'s Birthday',0,39,'##Suchala De Silva##','',0,0,1,5,459801000,5),(335,'Thilanka Weerakoon\'s Birthday',0,39,'##Thilanka Weerakoon##','',0,0,1,5,1336933800,5),(336,'Kashyapa Alawala\'s Birthday',0,39,'##Kashyapa Alawala##','',0,0,1,5,594412200,5),(337,'Mithila Abeyaratne\'s Birthday',0,39,'##Mithila Abeyaratne##','',0,0,1,5,684181800,5),(338,'Kushan Ruchee\'s Birthday',0,39,'##Kushan Ruchee##','',0,0,1,5,681503400,5),(339,'Daminda Jayasekara\'s Birthday',0,39,'##Daminda Jayasekara##','',0,0,1,5,1339266600,5),(340,'Arosha Rajapakse\'s Birthday',0,39,'##Arosha Rajapakse##','',0,0,1,5,689625000,5),(341,'Randika Nanayakkara\'s Birthday',0,39,'##Randika Nanayakkara##','',0,0,1,5,694031400,5),(342,'Thushari Vasana Kariyawasam\'s Birthday',0,39,'##Thushari Vasana Kariyawasam##','',0,0,1,5,572207400,5),(343,'Shamara Rodrigo\'s Birthday',0,39,'##Shamara Rodrigo##','',0,0,1,5,664137000,5),(344,'Gihan Katupitiya\'s Birthday',0,39,'##Gihan Katupitiya##','',0,0,1,5,581452200,5),(345,'Tiyani Rodrigo\'s Birthday',0,39,'##Tiyani Rodrigo##','',0,0,1,5,623097000,5),(346,'SA Maggamage\'s Birthday',0,39,'##SA Maggamage##','',0,0,1,5,588882600,5),(347,'Kayleighs Peace\'s Birthday',0,39,'##Kayleighs Peace##','',0,0,1,5,1327948200,5),(348,'Kunalan Sivapathasuntharam\'s Birthday',0,39,'##Kunalan Sivapathasuntharam##','',0,0,1,5,521922600,5),(349,'Pranama Salinda\'s Birthday',0,39,'##Pranama Salinda##','',0,0,1,5,575836200,5),(350,'Naren Jay\'s Birthday',0,39,'##Naren Jay##','',0,0,1,5,1344364200,5),(351,'Sithira Hennayake\'s Birthday',0,39,'##Sithira Hennayake##','',0,0,1,5,688761000,5),(352,'Dora Niranjan\'s Birthday',0,39,'##Dora Niranjan##','',0,0,1,5,1339871400,5),(353,'Dharshana Angammana\'s Birthday',0,39,'##Dharshana Angammana##','',0,0,1,5,609013800,5),(354,'Rajeendra Wickramarathna\'s Birthday',0,39,'##Rajeendra Wickramarathna##','',0,0,1,5,672517800,5),(355,'Dhananjaya Dushyantha Ranasinghe\'s Birthday',0,39,'##Dhananjaya Dushyantha Ranasinghe##','',0,0,1,5,683317800,5),(356,'Anshumali Kaththriarachchi\'s Birthday',0,39,'##Anshumali Kaththriarachchi##','',0,0,1,5,617999400,5),(357,'Harshini Rubesinghe\'s Birthday',0,39,'##Harshini Rubesinghe##','',0,0,1,5,486325800,5),(358,'Nipuna Chaminda\'s Birthday',0,39,'##Nipuna Chaminda##','',0,0,1,5,1340389800,5),(359,'Danith Eragama\'s Birthday',0,39,'##Danith Eragama##','',0,0,1,5,775333800,5),(360,'Manaram Rupasinghe\'s Birthday',0,39,'##Manaram Rupasinghe##','',0,0,1,5,1326479400,5),(361,'Harindra Seneviratne\'s Birthday',0,39,'##Harindra Seneviratne##','',0,0,1,5,671567400,5),(362,'Reshan de Alwis\'s Birthday',0,39,'##Reshan de Alwis##','',0,0,1,5,1337365800,5),(363,'Jennifer Rutheford\'s Birthday',0,39,'##Jennifer Rutheford##','',0,0,1,5,1330799400,5),(364,'Kaushike Neranjan Ranawake\'s Birthday',0,39,'##Kaushike Neranjan Ranawake##','',0,0,1,5,1344191400,5),(365,'Rajitha Bandara\'s Birthday',0,39,'##Rajitha Bandara##','',0,0,1,5,669925800,5),(366,'Leonard Sanjeev Reny\'s Birthday',0,39,'##Leonard Sanjeev Reny##','',0,0,1,5,1336761000,5),(367,'Dinuk Caldera\'s Birthday',0,39,'##Dinuk Caldera##','',0,0,1,5,633897000,5),(368,'Malintha Herath\'s Birthday',0,39,'##Malintha Herath##','',0,0,1,5,712607400,5),(369,'Lahiru Samaraweera\'s Birthday',0,39,'##Lahiru Samaraweera##','',0,0,1,5,1343500200,5),(370,'Indrajith Sangakkara\'s Birthday',0,39,'##Indrajith Sangakkara##','',0,0,1,5,701202600,5),(371,'Madhavi Wanigasekara\'s Birthday',0,39,'##Madhavi Wanigasekara##','',0,0,1,5,1337711400,5),(372,'Tristan Plunkett\'s Birthday',0,39,'##Tristan Plunkett##','',0,0,1,5,678911400,5),(373,'Luke Nataq\'s Birthday',0,39,'##Luke Nataq##','',0,0,1,5,318105000,5),(374,'Asheni Shamina\'s Birthday',0,39,'##Asheni Shamina##','',0,0,1,5,811794600,5),(375,'Shaheem Azher\'s Birthday',0,39,'##Shaheem Azher##','',0,0,1,5,667247400,5),(376,'Suneth Roshan\'s Birthday',0,39,'##Suneth Roshan##','',0,0,1,5,1341513000,5),(377,'Oshan Rube\'s Birthday',0,39,'##Oshan Rube##','',0,0,1,5,690834600,5),(378,'Uditha Millewa\'s Birthday',0,39,'##Uditha Millewa##','',0,0,1,5,671826600,5),(379,'Dushyantha Chathura Perera\'s Birthday',0,39,'##Dushyantha Chathura Perera##','',0,0,1,5,551039400,5),(380,'Sidath Buddika Herath\'s Birthday',0,39,'##Sidath Buddika Herath##','',0,0,1,5,609877800,5),(381,'ÝàśintĦấ PeŘera\'s Birthday',0,39,'##ÝàśintĦấ PeŘera##','',0,0,1,5,1340130600,5),(382,'Shehanka Hevavitharana\'s Birthday',0,39,'##Shehanka Hevavitharana##','',0,0,1,5,566073000,5),(383,'Shashi Kumara\'s Birthday',0,39,'##Shashi Kumara##','',0,0,1,5,1340044200,5),(384,'Miyuru Nandajeewa\'s Birthday',0,39,'##Miyuru Nandajeewa##','',0,0,1,5,1348770600,5),(385,'Adhitya Pratama\'s Birthday',0,39,'##Adhitya Pratama##','',0,0,1,5,1346178600,5),(386,'Asi Gango\'s Birthday',0,39,'##Asi Gango##','',0,0,1,5,686428200,5),(387,'Hiran Lahiru\'s Birthday',0,39,'##Hiran Lahiru##','',0,0,1,5,1343413800,5),(388,'Jaliya Somasiri\'s Birthday',0,39,'##Jaliya Somasiri##','',0,0,1,5,630873000,5),(389,'FireBird Shehan\'s Birthday',0,39,'##FireBird Shehan##','',0,0,1,5,1331490600,5),(390,'Richard Martinesz\'s Birthday',0,39,'##Richard Martinesz##','',0,0,1,5,1341599400,5),(391,'Dilantha Malagamuwa\'s Birthday',0,39,'##Dilantha Malagamuwa##','',0,0,1,5,1340476200,5),(392,'Dinusha Abeysinghe\'s Birthday',0,39,'##Dinusha Abeysinghe##','',0,0,1,5,683922600,5),(393,'Ashan Kavinda Dahanayaka\'s Birthday',0,39,'##Ashan Kavinda Dahanayaka##','',0,0,1,5,548274600,5),(394,'Gayan Kalhara\'s Birthday',0,39,'##Gayan Kalhara##','',0,0,1,5,718914600,5),(395,'Lörð Mílíñdä\'s Birthday',0,39,'##Lörð Mílíñdä##','',0,0,1,5,1353436200,5),(396,'Isuru Nadishan\'s Birthday',0,39,'##Isuru Nadishan##','',0,0,1,5,715458600,5),(397,'Kavinda Kulasinghe\'s Birthday',0,39,'##Kavinda Kulasinghe##','',0,0,1,5,677788200,5),(398,'Jani Bee\'s Birthday',0,39,'##Jani Bee##','',0,0,1,5,597868200,5),(399,'Thushara Dhananjaya Gunathissa\'s Birthday',0,39,'##Thushara Dhananjaya Gunathissa##','',0,0,1,5,1335292200,5),(400,'Kasun Chandrasiri\'s Birthday',0,39,'##Kasun Chandrasiri##','',0,0,1,5,682885800,5),(401,'Emma Hans\'s Birthday',0,39,'##Emma Hans##','',0,0,1,5,1356373800,5),(402,'Sandul Rasanga Weeraratne\'s Birthday',0,39,'##Sandul Rasanga Weeraratne##','',0,0,1,5,719519400,5),(403,'Mahishan Bhathiya Meddewatte\'s Birthday',0,39,'##Mahishan Bhathiya Meddewatte##','',0,0,1,5,681762600,5),(404,'Janani Harischandra\'s Birthday',0,39,'##Janani Harischandra##','',0,0,1,5,607372200,5),(405,'Kushan Gunawardana\'s Birthday',0,39,'##Kushan Gunawardana##','',0,0,1,5,1346437800,5),(406,'Radith Saluja\'s Birthday',0,39,'##Radith Saluja##','',0,0,1,5,1354732200,5),(407,'Gayantha Perera\'s Birthday',0,39,'##Gayantha Perera##','',0,0,1,5,725567400,5),(408,'Shan Rathnayake\'s Birthday',0,39,'##Shan Rathnayake##','',0,0,1,5,639340200,5),(409,'Devin Ganhewa\'s Birthday',0,39,'##Devin Ganhewa##','',0,0,1,5,1327602600,5),(410,'Asela Eranga Goonetilleke\'s Birthday',0,39,'##Asela Eranga Goonetilleke##','',0,0,1,5,1337711400,5),(411,'Kanishka Dissanayake\'s Birthday',0,39,'##Kanishka Dissanayake##','',0,0,1,5,1338748200,5),(412,'Chandira Dhanaka Punchihewa\'s Birthday',0,39,'##Chandira Dhanaka Punchihewa##','',0,0,1,5,1348079400,5),(413,'Hiran Rajapaksha\'s Birthday',0,39,'##Hiran Rajapaksha##','',0,0,1,5,490041000,5),(414,'Chrishain Nicholas Jayalath\'s Birthday',0,39,'##Chrishain Nicholas Jayalath##','',0,0,1,5,628713000,5),(415,'Kusumani Mangalika Rubesinghe\'s Birthday',0,39,'##Kusumani Mangalika Rubesinghe##','',0,0,1,5,1351794600,5),(416,'John Mundis\'s Birthday',0,39,'##John Mundis##','',0,0,1,5,1346697000,5),(417,'Mandy Smith\'s Birthday',0,39,'##Mandy Smith##','',0,0,1,5,1327948200,5),(418,'Udayantha de Silva\'s Birthday',0,39,'##Udayantha de Silva##','',0,0,1,5,668629800,5),(419,'Dukaa Hewath Dukgannaa\'s Birthday',0,39,'##Dukaa Hewath Dukgannaa##','',0,0,1,5,1350153000,5),(420,'Amali Pathmasena\'s Birthday',0,39,'##Amali Pathmasena##','',0,0,1,5,808425000,5),(421,'Gayathri Satanarachchi\'s Birthday',0,39,'##Gayathri Satanarachchi##','',0,0,1,5,635711400,5),(422,'Buck Black\'s Birthday',0,39,'##Buck Black##','',0,0,1,5,1347474600,5),(423,'Hashi Sennya\'s Birthday',0,39,'##Hashi Sennya##','',0,0,1,5,706386600,5),(424,'Dinusha Chathuri Robbert\'s Birthday',0,39,'##Dinusha Chathuri Robbert##','',0,0,1,5,1330885800,5),(425,'Nilushi Herath\'s Birthday',0,39,'##Nilushi Herath##','',0,0,1,5,662322600,5),(426,'Gayanthi de Silva\'s Birthday',0,39,'##Gayanthi de Silva##','',0,0,1,5,1339007400,5),(427,'Nadeeja Chandrasiri\'s Birthday',0,39,'##Nadeeja Chandrasiri##','',0,0,1,5,651781800,5),(428,'Michael Cancienne\'s Birthday',0,39,'##Michael Cancienne##','',0,0,1,5,-348298200,5),(429,'Shakila Nafa\'s Birthday',0,39,'##Shakila Nafa##','',0,0,1,5,1328466600,5),(430,'Sasanka Pabasara\'s Birthday',0,39,'##Sasanka Pabasara##','',0,0,1,5,1326565800,5),(431,'Sadeesha Peiris\'s Birthday',0,39,'##Sadeesha Peiris##','',0,0,1,5,639340200,5),(432,'Sandakalum Bandara\'s Birthday',0,39,'##Sandakalum Bandara##','',0,0,1,5,1340476200,5),(433,'Eza Sanji\'s Birthday',0,39,'##Eza Sanji##','',0,0,1,5,677010600,5),(434,'Manori Gunathilake\'s Birthday',0,39,'##Manori Gunathilake##','',0,0,1,5,1330626600,5),(435,'Rumesha Seneviratne\'s Birthday',0,39,'##Rumesha Seneviratne##','',0,0,1,5,1354213800,5),(436,'Laksahan Rasanjana\'s Birthday',0,39,'##Laksahan Rasanjana##','',0,0,1,5,1343673000,5),(437,'Stivi Drop\'s Birthday',0,39,'##Stivi Drop##','',0,0,1,5,1325874600,5),(438,'Theekshana Gunarathna\'s Birthday',0,39,'##Theekshana Gunarathna##','',0,0,1,5,1335033000,5),(439,'Harindu Karunatillake\'s Birthday',0,39,'##Harindu Karunatillake##','',0,0,1,5,672431400,5),(440,'Stewart De Jan Russell\'s Birthday',0,39,'##Stewart De Jan Russell##','',0,0,1,5,1348511400,5),(441,'Milindu Keerthiratne\'s Birthday',0,39,'##Milindu Keerthiratne##','',0,0,1,5,1341167400,5),(442,'Vimukthi Koshila\'s Birthday',0,39,'##Vimukthi Koshila##','',0,0,1,5,-2027829200,5),(443,'Monti Palmer\'s Birthday',0,39,'##Monti Palmer##','',0,0,1,5,67026600,5),(444,'Suchetha De Zoysa\'s Birthday',0,39,'##Suchetha De Zoysa##','',0,0,1,5,661977000,5),(445,'Sidath Tennakoon\'s Birthday',0,39,'##Sidath Tennakoon##','',0,0,1,5,642969000,5),(446,'Diyath Vayanaka Hasan\'s Birthday',0,39,'##Diyath Vayanaka Hasan##','',0,0,1,5,786738600,5),(447,'Thilina Bandara\'s Birthday',0,39,'##Thilina Bandara##','',0,0,1,5,678565800,5),(448,'Yasas Kaushalya Chandrasiri\'s Birthday',0,39,'##Yasas Kaushalya Chandrasiri##','',0,0,1,5,1353090600,5),(449,'Shalitha Gamage\'s Birthday',0,39,'##Shalitha Gamage##','',0,0,1,5,720729000,5),(450,'Indika Rowel\'s Birthday',0,39,'##Indika Rowel##','',0,0,1,5,1350239400,5),(451,'Sanduni Kodituwakku\'s Birthday',0,39,'##Sanduni Kodituwakku##','',0,0,1,5,588796200,5),(452,'Pavithra Weerapperuma\'s Birthday',0,39,'##Pavithra Weerapperuma##','',0,0,1,5,1356373800,5),(453,'Barnabas Edwards\'s Birthday',0,39,'##Barnabas Edwards##','',0,0,1,5,1350239400,5),(454,'NNamasha Malshani\'s Birthday',0,39,'##NNamasha Malshani##','',0,0,1,5,715890600,5),(455,'Indika Ushan Dias Esky\'s Birthday',0,39,'##Indika Ushan Dias Esky##','',0,0,1,5,574799400,5),(456,'Mork A Snipper\'s Birthday',0,39,'##Mork A Snipper##','',0,0,1,5,95538600,5),(457,'Brian Bailey\'s Birthday',0,39,'##Brian Bailey##','',0,0,1,5,1332268200,5),(458,'Kusal Chathuranga\'s Birthday',0,39,'##Kusal Chathuranga##','',0,0,1,5,726345000,5),(459,'Tiffany Fagan\'s Birthday',0,39,'##Tiffany Fagan##','',0,0,1,5,354652200,5),(460,'Tiffany Fagan\'s Birthday',0,39,'##Tiffany Fagan##','',0,0,1,5,354652200,5),(461,'Dhanushka Athukorala\'s Birthday',0,39,'##Dhanushka Athukorala##','',0,0,1,5,1355337000,5),(462,'Dhanushka Athukorala\'s Birthday',0,39,'##Dhanushka Athukorala##','',0,0,1,5,1355337000,5),(463,'Sureka Nadeeshani Dalpadadu\'s Birthday',0,39,'##Sureka Nadeeshani Dalpadadu##','',0,0,1,5,1340649000,5),(464,'Sureka Nadeeshani Dalpadadu\'s Birthday',0,39,'##Sureka Nadeeshani Dalpadadu##','',0,0,1,5,1340649000,5),(465,'Shenjeevakhanth Krishnaraj\'s Birthday',0,39,'##Shenjeevakhanth Krishnaraj##','',0,0,1,5,692562600,5),(466,'Shenjeevakhanth Krishnaraj\'s Birthday',0,39,'##Shenjeevakhanth Krishnaraj##','',0,0,1,5,692562600,5),(467,'Thishani Amanda\'s Birthday',0,39,'##Thishani Amanda##','',0,0,1,5,679775400,5),(468,'Thishani Amanda\'s Birthday',0,39,'##Thishani Amanda##','',0,0,1,5,679775400,5),(469,'Lenora Cargile\'s Birthday',0,39,'##Lenora Cargile##','',0,0,1,5,1332181800,5),(470,'Lenora Cargile\'s Birthday',0,39,'##Lenora Cargile##','',0,0,1,5,1332181800,5),(471,'Gog Magog\'s Birthday',0,39,'##Gog Magog##','',0,0,1,5,-377674200,5),(472,'Gog Magog\'s Birthday',0,39,'##Gog Magog##','',0,0,1,5,-377674200,5),(473,'Chameera Narangoda\'s Birthday',0,39,'##Chameera Narangoda##','',0,0,1,5,1356719400,5),(474,'Chameera Narangoda\'s Birthday',0,39,'##Chameera Narangoda##','',0,0,1,5,1356719400,5),(475,'Vindya Pathmasena\'s Birthday',0,39,'##Vindya Pathmasena##','',0,0,1,5,694981800,5),(476,'Vindya Pathmasena\'s Birthday',0,39,'##Vindya Pathmasena##','',0,0,1,5,694981800,5),(477,'Waruna Dissanayake\'s Birthday',0,39,'##Waruna Dissanayake##','',0,0,1,5,684441000,5),(478,'Waruna Dissanayake\'s Birthday',0,39,'##Waruna Dissanayake##','',0,0,1,5,684441000,5),(479,'Piumi Ileperuma\'s Birthday',0,39,'##Piumi Ileperuma##','',0,0,1,5,630095400,5),(480,'Piumi Ileperuma\'s Birthday',0,39,'##Piumi Ileperuma##','',0,0,1,5,630095400,5),(481,'Iranda Hewavitharane\'s Birthday',0,39,'##Iranda Hewavitharane##','',0,0,1,5,540325800,5),(482,'Iranda Hewavitharane\'s Birthday',0,39,'##Iranda Hewavitharane##','',0,0,1,5,540325800,5),(483,'Yasiru Tharinda Batie\'s Birthday',0,39,'##Yasiru Tharinda Batie##','',0,0,1,5,1330021800,5),(484,'Yasiru Tharinda Batie\'s Birthday',0,39,'##Yasiru Tharinda Batie##','',0,0,1,5,1330021800,5),(485,'Sagi Athauda\'s Birthday',0,39,'##Sagi Athauda##','',0,0,1,5,1329330600,5),(486,'Sagi Athauda\'s Birthday',0,39,'##Sagi Athauda##','',0,0,1,5,1329330600,5),(487,'Nandun Ekanayake\'s Birthday',0,39,'##Nandun Ekanayake##','',0,0,1,5,1344105000,5),(488,'Nandun Ekanayake\'s Birthday',0,39,'##Nandun Ekanayake##','',0,0,1,5,1344105000,5),(489,'Ross Morrison\'s Birthday',0,39,'##Ross Morrison##','',0,0,1,5,243973800,5),(490,'Ross Morrison\'s Birthday',0,39,'##Ross Morrison##','',0,0,1,5,243973800,5),(491,'Yohan Dodanwala\'s Birthday',0,39,'##Yohan Dodanwala##','',0,0,1,5,1350671400,5),(492,'Yohan Dodanwala\'s Birthday',0,39,'##Yohan Dodanwala##','',0,0,1,5,1350671400,5),(493,'Chathuri Kaushalya\'s Birthday',0,39,'##Chathuri Kaushalya##','',0,0,1,5,1328207400,5),(494,'Chathuri Kaushalya\'s Birthday',0,39,'##Chathuri Kaushalya##','',0,0,1,5,1328207400,5),(495,'Yasod Fernando\'s Birthday',0,39,'##Yasod Fernando##','',0,0,1,5,1335205800,5),(496,'Yasod Fernando\'s Birthday',0,39,'##Yasod Fernando##','',0,0,1,5,1335205800,5),(497,'Laksahan Rasanjana\'s Birthday',0,39,'##Laksahan Rasanjana##','',0,0,1,5,807129000,5),(498,'RuŠh On Real\'s Birthday',0,39,'##RuŠh On Real##','',0,0,1,5,1346005800,5),(499,'Isuru Shiran Udayanga\'s Birthday',0,39,'##Isuru Shiran Udayanga##','',0,0,1,5,1343932200,5),(500,'Isuru Shiran Udayanga\'s Birthday',0,39,'##Isuru Shiran Udayanga##','',0,0,1,5,1343932200,5),(501,'Vindy Minoli\'s Birthday',0,39,'##Vindy Minoli##','',0,0,1,5,865276200,5),(502,'Sulochana Karunarathna\'s Birthday',0,39,'##Sulochana Karunarathna##','',0,0,1,5,600287400,5),(503,'Pissu Puusaa\'s Birthday',0,39,'##Pissu Puusaa##','',0,0,1,5,702066600,5),(504,'Mahen Gunasekara\'s Birthday',0,39,'##Mahen Gunasekara##','',0,0,1,5,1350239400,5),(505,'Chanaka Wasantha\'s Birthday',0,39,'##Chanaka Wasantha##','',0,0,1,5,622060200,5),(506,'Janith Chandrasiri\'s Birthday',0,39,'##Janith Chandrasiri##','',0,0,1,5,1350325800,5),(507,'Azfer EM EN\'s Birthday',0,39,'##Azfer EM EN##','',0,0,1,5,689020200,5),(508,'Sanjayalahiru Somathilaka\'s Birthday',0,39,'##Sanjayalahiru Somathilaka##','',0,0,1,5,868127400,5),(509,'Tharaka Iroshana Sooriyaarachchi\'s Birthday',0,39,'##Tharaka Iroshana Sooriyaarachchi##','',0,0,1,5,673813800,5),(510,'Tharaka Iroshana Sooriyaarachchi\'s Birthday',0,39,'##Tharaka Iroshana Sooriyaarachchi##','',0,0,1,5,673813800,5),(511,'Babin Chakraborti\'s Birthday',0,39,'##Babin Chakraborti##','',0,0,1,5,1353177000,5),(512,'Babin Chakraborti\'s Birthday',0,39,'##Babin Chakraborti##','',0,0,1,5,1353177000,5),(513,'Yohan Bandara Tennakoon\'s Birthday',0,39,'##Yohan Bandara Tennakoon##','',0,0,1,5,677961000,5),(514,'Yohan Bandara Tennakoon\'s Birthday',0,39,'##Yohan Bandara Tennakoon##','',0,0,1,5,677961000,5),(515,'Suresh Wickrama Dagaya\'s Birthday',0,39,'##Suresh Wickrama Dagaya##','',0,0,1,5,681935400,5),(516,'Suresh Wickrama Dagaya\'s Birthday',0,39,'##Suresh Wickrama Dagaya##','',0,0,1,5,681935400,5),(517,'Mahendra Jayasinghe\'s Birthday',0,39,'##Mahendra Jayasinghe##','',0,0,1,5,676319400,5),(518,'Mahendra Jayasinghe\'s Birthday',0,39,'##Mahendra Jayasinghe##','',0,0,1,5,676319400,5),(519,'Kripa Jayakumar\'s Birthday',0,39,'##Kripa Jayakumar##','',0,0,1,5,749845800,5),(520,'Kripa Jayakumar\'s Birthday',0,39,'##Kripa Jayakumar##','',0,0,1,5,749845800,5),(521,'Chatumal Perera\'s Birthday',0,39,'##Chatumal Perera##','',0,0,1,5,670962600,5),(522,'Chatumal Perera\'s Birthday',0,39,'##Chatumal Perera##','',0,0,1,5,670962600,5),(523,'Heshan Nugawela\'s Birthday',0,39,'##Heshan Nugawela##','',0,0,1,5,681676200,5),(524,'Heshan Nugawela\'s Birthday',0,39,'##Heshan Nugawela##','',0,0,1,5,681676200,5),(525,'Udaya Rathnayake\'s Birthday',0,39,'##Udaya Rathnayake##','',0,0,1,5,1328812200,5),(526,'Udaya Rathnayake\'s Birthday',0,39,'##Udaya Rathnayake##','',0,0,1,5,1328812200,5),(527,'Charen Hulangamuwa\'s Birthday',0,39,'##Charen Hulangamuwa##','',0,0,1,5,671394600,5),(528,'Charen Hulangamuwa\'s Birthday',0,39,'##Charen Hulangamuwa##','',0,0,1,5,671394600,5),(529,'Thilina Gunasekara\'s Birthday',0,39,'##Thilina Gunasekara##','',0,0,1,5,1332268200,5),(530,'Thilina Gunasekara\'s Birthday',0,39,'##Thilina Gunasekara##','',0,0,1,5,1332268200,5),(531,'Steffen Blaze On Sunfm\'s Birthday',0,39,'##Steffen Blaze On Sunfm##','',0,0,1,5,1335810600,5),(532,'Steffen Blaze On Sunfm\'s Birthday',0,39,'##Steffen Blaze On Sunfm##','',0,0,1,5,1335810600,5),(533,'Evan Jay On Sunfm\'s Birthday',0,39,'##Evan Jay On Sunfm##','',0,0,1,5,1356805800,5),(534,'Evan Jay On Sunfm\'s Birthday',0,39,'##Evan Jay On Sunfm##','',0,0,1,5,1356805800,5),(535,'Pubudith Gimhana\'s Birthday',0,39,'##Pubudith Gimhana##','',0,0,1,5,1350412200,5),(536,'Pubudith Gimhana\'s Birthday',0,39,'##Pubudith Gimhana##','',0,0,1,5,1350412200,5),(537,'Amanda Patabendige\'s Birthday',0,39,'##Amanda Patabendige##','',0,0,1,5,813695400,5),(538,'Amanda Patabendige\'s Birthday',0,39,'##Amanda Patabendige##','',0,0,1,5,813695400,5),(539,'Hashindra Silva\'s Birthday',0,39,'##Hashindra Silva##','',0,0,1,5,1337020200,5),(540,'Hashindra Silva\'s Birthday',0,39,'##Hashindra Silva##','',0,0,1,5,1337020200,5),(541,'Chathuranga Madhushan\'s Birthday',0,39,'##Chathuranga Madhushan##','',0,0,1,5,1331231400,5),(542,'Chathuranga Madhushan\'s Birthday',0,39,'##Chathuranga Madhushan##','',0,0,1,5,1331231400,5),(543,'Sahan H Nisal\'s Birthday',0,39,'##Sahan H Nisal##','',0,0,1,5,1330453800,5),(544,'Sahan H Nisal\'s Birthday',0,39,'##Sahan H Nisal##','',0,0,1,5,1330453800,5),(545,'Diluksha Amarasigha\'s Birthday',0,39,'##Diluksha Amarasigha##','',0,0,1,5,575577000,5),(546,'Diluksha Amarasigha\'s Birthday',0,39,'##Diluksha Amarasigha##','',0,0,1,5,575577000,5),(547,'Jay Walker Sunfm\'s Birthday',0,39,'##Jay Walker Sunfm##','',0,0,1,5,1349807400,5),(548,'Jay Walker Sunfm\'s Birthday',0,39,'##Jay Walker Sunfm##','',0,0,1,5,1349807400,5),(549,'Anuradha Wijesekera\'s Birthday',0,39,'##Anuradha Wijesekera##','',0,0,1,5,681244200,5),(550,'Sri Lanka Bike Seller\'s Birthday',0,39,'##Sri Lanka Bike Seller##','',0,0,1,5,528834600,5),(551,'Kusal Wijaythilake\'s Birthday',0,39,'##Kusal Wijaythilake##','',0,0,1,5,877372200,5),(552,'Kusal Wijaythilake\'s Birthday',0,39,'##Kusal Wijaythilake##','',0,0,1,5,877372200,5),(553,'Ruwan J Perera\'s Birthday',0,39,'##Ruwan J Perera##','',0,0,1,5,665692200,5),(554,'Ruwan J Perera\'s Birthday',0,39,'##Ruwan J Perera##','',0,0,1,5,665692200,5),(555,'Logan Amila Gamage\'s Birthday',0,39,'##Logan Amila Gamage##','',0,0,1,5,538684200,5),(556,'Logan Amila Gamage\'s Birthday',0,39,'##Logan Amila Gamage##','',0,0,1,5,538684200,5),(557,'Jazz Mckay\'s Birthday',0,39,'##Jazz Mckay##','',0,0,1,5,573503400,5),(558,'Jazz Mckay\'s Birthday',0,39,'##Jazz Mckay##','',0,0,1,5,573503400,5),(559,'Sameera Chathuranga\'s Birthday',0,39,'##Sameera Chathuranga##','',0,0,1,5,684354600,5),(560,'Sameera Chathuranga\'s Birthday',0,39,'##Sameera Chathuranga##','',0,0,1,5,684354600,5),(561,'Drag Danush\'s Birthday',0,39,'##Drag Danush##','',0,0,1,5,1354645800,5),(562,'Drag Danush\'s Birthday',0,39,'##Drag Danush##','',0,0,1,5,1354645800,5),(563,'Nikela Barnes\'s Birthday',0,39,'##Nikela Barnes##','',0,0,1,5,1341858600,5),(564,'Nikela Barnes\'s Birthday',0,39,'##Nikela Barnes##','',0,0,1,5,1341858600,5),(565,'Kanchana Athurupane\'s Birthday',0,39,'##Kanchana Athurupane##','',0,0,1,5,731183400,5),(566,'Kanchana Athurupane\'s Birthday',0,39,'##Kanchana Athurupane##','',0,0,1,5,731183400,5),(567,'Chrishan Rienzie Rupasinghe\'s Birthday',0,39,'##Chrishan Rienzie Rupasinghe##','',0,0,1,5,614802600,5),(568,'Chrishan Rienzie Rupasinghe\'s Birthday',0,39,'##Chrishan Rienzie Rupasinghe##','',0,0,1,5,614802600,5),(569,'Natalie Gwen\'s Birthday',0,39,'##Natalie Gwen##','',0,0,1,5,1352053800,5),(570,'Panduka Rubesinghe\'s Birthday',0,39,'##Panduka Rubesinghe##','',0,0,1,5,-351322200,5),(571,'Senali Harshika\'s Birthday',0,39,'##Senali Harshika##','',0,0,1,5,1349980200,5),(572,'Zac Wyld SunFm\'s Birthday',0,39,'##Zac Wyld SunFm##','',0,0,1,5,1331231400,5),(573,'Zac Wyld SunFm\'s Birthday',0,39,'##Zac Wyld SunFm##','',0,0,1,5,1331231400,5),(574,'Amila Madusanka\'s Birthday',0,39,'##Amila Madusanka##','',0,0,1,5,1342463400,5),(575,'Amila Madusanka\'s Birthday',0,39,'##Amila Madusanka##','',0,0,1,5,1342463400,5),(576,'Nipuni Perera\'s Birthday',0,39,'##Nipuni Perera##','',0,0,1,5,750537000,5),(577,'Nipuni Perera\'s Birthday',0,39,'##Nipuni Perera##','',0,0,1,5,750537000,5),(578,'Andi Phillips\'s Birthday',0,39,'##Andi Phillips##','',0,0,1,5,-3216600,5),(579,'Andi Phillips\'s Birthday',0,39,'##Andi Phillips##','',0,0,1,5,-3216600,5),(580,'Milani Samaranayake\'s Birthday',0,39,'##Milani Samaranayake##','',0,0,1,5,590956200,5),(581,'Milani Samaranayake\'s Birthday',0,39,'##Milani Samaranayake##','',0,0,1,5,590956200,5),(582,'Samuditha Rathnayake\'s Birthday',0,39,'##Samuditha Rathnayake##','',0,0,1,5,676665000,5),(583,'Samuditha Rathnayake\'s Birthday',0,39,'##Samuditha Rathnayake##','',0,0,1,5,676665000,5),(584,'Thisal Lokuhettige\'s Birthday',0,39,'##Thisal Lokuhettige##','',0,0,1,5,1347733800,5),(585,'Thisal Lokuhettige\'s Birthday',0,39,'##Thisal Lokuhettige##','',0,0,1,5,1347733800,5),(586,'Dhanushka Jayaweera\'s Birthday',0,39,'##Dhanushka Jayaweera##','',0,0,1,5,679170600,5),(587,'Dhanushka Jayaweera\'s Birthday',0,39,'##Dhanushka Jayaweera##','',0,0,1,5,679170600,5),(588,'Amanda Shenique Patabendige\'s Birthday',0,39,'##Amanda Shenique Patabendige##','',0,0,1,5,813695400,5),(589,'Amanda Shenique Patabendige\'s Birthday',0,39,'##Amanda Shenique Patabendige##','',0,0,1,5,813695400,5),(590,'Chalaka Lakshitha Perera\'s Birthday',0,39,'##Chalaka Lakshitha Perera##','',0,0,1,5,763669800,5),(591,'Chalaka Lakshitha Perera\'s Birthday',0,39,'##Chalaka Lakshitha Perera##','',0,0,1,5,763669800,5),(592,'Chandra Muniweera\'s Birthday',0,39,'##Chandra Muniweera##','',0,0,1,5,-339399000,5),(593,'Chandra Muniweera\'s Birthday',0,39,'##Chandra Muniweera##','',0,0,1,5,-339399000,5),(594,'Micki Del Rosario\'s Birthday',0,39,'##Micki Del Rosario##','',0,0,1,5,1326911400,5),(595,'Micki Del Rosario\'s Birthday',0,39,'##Micki Del Rosario##','',0,0,1,5,1326911400,5),(596,'Dilini Wasundara\'s Birthday',0,39,'##Dilini Wasundara##','',0,0,1,5,562789800,5),(597,'Dilini Wasundara\'s Birthday',0,39,'##Dilini Wasundara##','',0,0,1,5,562789800,5),(598,'Bikes Pisso\'s Birthday',0,39,'##Bikes Pisso##','',0,0,1,5,587241000,5),(599,'Bikes Pisso\'s Birthday',0,39,'##Bikes Pisso##','',0,0,1,5,587241000,5),(600,'Anuka Wijewardana\'s Birthday',0,39,'##Anuka Wijewardana##','',0,0,1,5,635193000,5),(601,'Anuka Wijewardana\'s Birthday',0,39,'##Anuka Wijewardana##','',0,0,1,5,635193000,5),(602,'Eranga Niluka\'s Birthday',0,39,'##Eranga Niluka##','',0,0,1,5,665087400,5),(603,'Eranga Niluka\'s Birthday',0,39,'##Eranga Niluka##','',0,0,1,5,665087400,5),(604,'Heshan Shashika Fernando\'s Birthday',0,39,'##Heshan Shashika Fernando##','',0,0,1,5,1339093800,5),(605,'Heshan Shashika Fernando\'s Birthday',0,39,'##Heshan Shashika Fernando##','',0,0,1,5,1339093800,5),(606,'Poornima Fernando\'s Birthday',0,39,'##Poornima Fernando##','',0,0,1,5,1342722600,5),(607,'Poornima Fernando\'s Birthday',0,39,'##Poornima Fernando##','',0,0,1,5,1342722600,5),(608,'Hasitha Gunasekara\'s Birthday',0,39,'##Hasitha Gunasekara##','',0,0,1,5,556482600,5),(609,'Hasitha Gunasekara\'s Birthday',0,39,'##Hasitha Gunasekara##','',0,0,1,5,556482600,5),(610,'Trevin Ratnayake\'s Birthday',0,39,'##Trevin Ratnayake##','',0,0,1,5,1353781800,5),(611,'Trevin Ratnayake\'s Birthday',0,39,'##Trevin Ratnayake##','',0,0,1,5,1353781800,5),(612,'Prabash Jp\'s Birthday',0,39,'##Prabash Jp##','',0,0,1,5,616098600,5),(613,'Prabash Jp\'s Birthday',0,39,'##Prabash Jp##','',0,0,1,5,616098600,5),(614,'Prïnces Charï\'s Birthday',0,39,'##Prïnces Charï##','',0,0,1,5,697573800,5),(615,'Prïnces Charï\'s Birthday',0,39,'##Prïnces Charï##','',0,0,1,5,697573800,5),(616,'Udara Weerasinghe\'s Birthday',0,39,'##Udara Weerasinghe##','',0,0,1,5,752869800,5),(617,'Udara Weerasinghe\'s Birthday',0,39,'##Udara Weerasinghe##','',0,0,1,5,752869800,5),(618,'Maduka Fernando\'s Birthday',0,39,'##Maduka Fernando##','',0,0,1,5,1332786600,5),(619,'Sherini Hansini Perera\'s Birthday',0,39,'##Sherini Hansini Perera##','',0,0,1,5,727209000,5),(620,'Shashika Harsha\'s Birthday',0,39,'##Shashika Harsha##','',0,0,1,5,773951400,5),(621,'Nimantha Sameera Colombathanthri\'s Birthday',0,39,'##Nimantha Sameera Colombathanthri##','',0,0,1,5,592943400,5),(622,'Saajith Ranasinghe\'s Birthday',0,39,'##Saajith Ranasinghe##','',0,0,1,5,1334601000,5),(623,'New Bikes\'s Birthday',0,39,'##New Bikes##','',0,0,1,5,1326825000,5),(624,'Shane Foster\'s Birthday',0,39,'##Shane Foster##','',0,0,1,5,684959400,5),(625,'Shane Foster\'s Birthday',0,39,'##Shane Foster##','',0,0,1,5,684959400,5),(626,'Sanura Vithana\'s Birthday',0,39,'##Sanura Vithana##','',0,0,1,5,675109800,5),(627,'Pulasthi Sanjaya Nanayakkara\'s Birthday',0,39,'##Pulasthi Sanjaya Nanayakkara##','',0,0,1,5,670271400,5),(628,'Ravindra Tammita\'s Birthday',0,39,'##Ravindra Tammita##','',0,0,1,5,1342290600,5),(629,'Supun Tharinda Kariyawasam\'s Birthday',0,39,'##Supun Tharinda Kariyawasam##','',0,0,1,5,670530600,5),(630,'Supun Tharinda Kariyawasam\'s Birthday',0,39,'##Supun Tharinda Kariyawasam##','',0,0,1,5,670530600,5),(631,'Thimal Samarasekera\'s Birthday',0,39,'##Thimal Samarasekera##','',0,0,1,5,1352226600,5),(632,'Pratheeb Rajasekaran\'s Birthday',0,39,'##Pratheeb Rajasekaran##','',0,0,1,5,689020200,5),(633,'Onila Senaratne\'s Birthday',0,39,'##Onila Senaratne##','',0,0,1,5,1346092200,5),(634,'Onila Senaratne\'s Birthday',0,39,'##Onila Senaratne##','',0,0,1,5,1346092200,5),(635,'Rukmal Dodantenne\'s Birthday',0,39,'##Rukmal Dodantenne##','',0,0,1,5,672777000,5),(636,'Ruki Trevor Seneviratne\'s Birthday',0,39,'##Ruki Trevor Seneviratne##','',0,0,1,5,1348338600,5),(637,'Ruki Trevor Seneviratne\'s Birthday',0,39,'##Ruki Trevor Seneviratne##','',0,0,1,5,1348338600,5),(638,'Vikum Wijayawardana\'s Birthday',0,39,'##Vikum Wijayawardana##','',0,0,1,5,676578600,5),(639,'Vikum Wijayawardana\'s Birthday',0,39,'##Vikum Wijayawardana##','',0,0,1,5,676578600,5),(640,'Abdul Rahman\'s Birthday',0,39,'##Abdul Rahman##','',0,0,1,5,677701800,5),(641,'Sanjaya Marambe\'s Birthday',0,39,'##Sanjaya Marambe##','',0,0,1,5,697833000,5),(642,'Isuru Bandara\'s Birthday',0,39,'##Isuru Bandara##','',0,0,1,5,669925800,5),(643,'Amila Pethiyagoda\'s Birthday',0,39,'##Amila Pethiyagoda##','',0,0,1,5,687983400,5),(644,'Mithun Wette\'s Birthday',0,39,'##Mithun Wette##','',0,0,1,5,681849000,5),(645,'Sathishka Aravinda\'s Birthday',0,39,'##Sathishka Aravinda##','',0,0,1,5,667420200,5),(646,'Buddhima Dissanayake\'s Birthday',0,39,'##Buddhima Dissanayake##','',0,0,1,5,677701800,5),(647,'Amila Kalhara Hitige\'s Birthday',0,39,'##Amila Kalhara Hitige##','',0,0,1,5,664914600,5),(648,'Sadaruwan De Silva\'s Birthday',0,39,'##Sadaruwan De Silva##','',0,0,1,5,583266600,5),(649,'Kavindi Dhananjana\'s Birthday',0,39,'##Kavindi Dhananjana##','',0,0,1,5,1348079400,5),(650,'Yasassmin Sen\'s Birthday',0,39,'##Yasassmin Sen##','',0,0,1,5,696450600,5),(651,'Dananjaya Wijesinghe\'s Birthday',0,39,'##Dananjaya Wijesinghe##','',0,0,1,5,733084200,5),(652,'Chanuka Bimendra Beligolla\'s Birthday',0,39,'##Chanuka Bimendra Beligolla##','',0,0,1,5,1350757800,5),(653,'Chanuka Bimendra Beligolla\'s Birthday',0,39,'##Chanuka Bimendra Beligolla##','',0,0,1,5,1350757800,5),(654,'Ramesh Selvadurai\'s Birthday',0,39,'##Ramesh Selvadurai##','',0,0,1,5,689193000,5),(655,'Dilan Bartholomeusz\'s Birthday',0,39,'##Dilan Bartholomeusz##','',0,0,1,5,1348165800,5),(656,'Dilan Bartholomeusz\'s Birthday',0,39,'##Dilan Bartholomeusz##','',0,0,1,5,1348165800,5);
/*!40000 ALTER TABLE `Task` ENABLE KEYS */;
UNLOCK TABLES;

--
-- Table structure for table `TaskRepeat`
--

DROP TABLE IF EXISTS `TaskRepeat`;
/*!40101 SET @saved_cs_client     = @@character_set_client */;
/*!40101 SET character_set_client = utf8 */;
CREATE TABLE `TaskRepeat` (
  `id` int(11) NOT NULL AUTO_INCREMENT,
  `title` varchar(255) NOT NULL,
  `description` longtext NOT NULL,
  PRIMARY KEY (`id`)
) ENGINE=InnoDB AUTO_INCREMENT=8 DEFAULT CHARSET=utf8;
/*!40101 SET character_set_client = @saved_cs_client */;

--
-- Dumping data for table `TaskRepeat`
--

LOCK TABLES `TaskRepeat` WRITE;
/*!40000 ALTER TABLE `TaskRepeat` DISABLE KEYS */;
INSERT INTO `TaskRepeat` VALUES (1,'No Repeat',''),(2,'Daily',''),(3,'Weekly',''),(4,'Monthly',''),(5,'Yearly','');
/*!40000 ALTER TABLE `TaskRepeat` ENABLE KEYS */;
UNLOCK TABLES;

--
-- Table structure for table `TaskType`
--

DROP TABLE IF EXISTS `TaskType`;
/*!40101 SET @saved_cs_client     = @@character_set_client */;
/*!40101 SET character_set_client = utf8 */;
CREATE TABLE `TaskType` (
  `id` int(11) NOT NULL AUTO_INCREMENT,
  `title` varchar(255) NOT NULL,
  `duration` int(11) NOT NULL,
  `prepair` int(11) NOT NULL,
  PRIMARY KEY (`id`)
) ENGINE=InnoDB AUTO_INCREMENT=6 DEFAULT CHARSET=utf8;
/*!40101 SET character_set_client = @saved_cs_client */;

--
-- Dumping data for table `TaskType`
--

LOCK TABLES `TaskType` WRITE;
/*!40000 ALTER TABLE `TaskType` DISABLE KEYS */;
INSERT INTO `TaskType` VALUES (1,'All Day',0,0),(2,'Other',30,30),(3,'Party',360,60),(4,'Meeting',120,60),(5,'Birthday',0,0);
/*!40000 ALTER TABLE `TaskType` ENABLE KEYS */;
UNLOCK TABLES;

--
-- Table structure for table `Tasks`
--

DROP TABLE IF EXISTS `Tasks`;
/*!40101 SET @saved_cs_client     = @@character_set_client */;
/*!40101 SET character_set_client = utf8 */;
CREATE TABLE `Tasks` (
  `id` int(11) NOT NULL AUTO_INCREMENT,
  PRIMARY KEY (`id`)
) ENGINE=InnoDB DEFAULT CHARSET=utf8;
/*!40101 SET character_set_client = @saved_cs_client */;

--
-- Dumping data for table `Tasks`
--

LOCK TABLES `Tasks` WRITE;
/*!40000 ALTER TABLE `Tasks` DISABLE KEYS */;
/*!40000 ALTER TABLE `Tasks` ENABLE KEYS */;
UNLOCK TABLES;

--
-- Table structure for table `Users`
--

DROP TABLE IF EXISTS `Users`;
/*!40101 SET @saved_cs_client     = @@character_set_client */;
/*!40101 SET character_set_client = utf8 */;
CREATE TABLE `Users` (
  `id` int(11) NOT NULL AUTO_INCREMENT,
  `username` varchar(255) NOT NULL,
  `username_canonical` varchar(255) NOT NULL,
  `email` varchar(255) NOT NULL,
  `email_canonical` varchar(255) NOT NULL,
  `enabled` tinyint(1) NOT NULL,
  `salt` varchar(255) NOT NULL,
  `password` varchar(255) NOT NULL,
  `last_login` datetime DEFAULT NULL,
  `locked` tinyint(1) NOT NULL,
  `expired` tinyint(1) NOT NULL,
  `expires_at` datetime DEFAULT NULL,
  `confirmation_token` varchar(255) DEFAULT NULL,
  `password_requested_at` datetime DEFAULT NULL,
  `roles` longtext NOT NULL COMMENT '(DC2Type:array)',
  `credentials_expired` tinyint(1) NOT NULL,
  `credentials_expire_at` datetime DEFAULT NULL,
  `name` varchar(255) NOT NULL,
  `lng` double NOT NULL,
  `lat` double NOT NULL,
  `avgspeed` double NOT NULL,
  `deviceId` varchar(16) NOT NULL,
  `phoneNum` int(11) NOT NULL,
  `fbToken` varchar(255) NOT NULL,
  PRIMARY KEY (`id`),
  UNIQUE KEY `UNIQ_D5428AED92FC23A8` (`username_canonical`),
  UNIQUE KEY `UNIQ_D5428AEDA0D96FBF` (`email_canonical`)
) ENGINE=InnoDB AUTO_INCREMENT=3 DEFAULT CHARSET=utf8;
/*!40101 SET character_set_client = @saved_cs_client */;

--
-- Dumping data for table `Users`
--

LOCK TABLES `Users` WRITE;
/*!40000 ALTER TABLE `Users` DISABLE KEYS */;
INSERT INTO `Users` VALUES (1,'oshan','oshan','oshanrube@gmail.com','oshanrube@gmail.com',1,'sn1m7o1c400wkkgsc0488g4c044w4wc','wfsJywVFIijL+I2oRaMlDMG7Criw7QaBotSohllGrv8sbjY/83T5oC5wGLFZzQ2xojJMX6G4ofQT+AplKMBapA==','2012-02-20 18:07:21',0,0,NULL,NULL,NULL,'a:0:{}',0,NULL,'Oshan Rubesinghe',80.079,6.576,60,'d4b4dab12fcaecdb',776566978,'AAADWwOa7ZB8EBAGul5ZBvOti67wBmnqO0nt0mrCRkAambNw16tH6iZAx7x0ue0gnghAszZC1pNASiT3r5mXuU98LxJwhfzhM8oMaJSqD3ST18Fp0deTS'),(2,'root','root','root@iva.com','root@iva.com',1,'pirbvxe7llc8w0woo4wgw0kogkcccws','q96JCjnV2pHEagrsTbOcpC6o5Pggc6gDq3VRw8FF7nVjaZ5eDGbfttwd5aGKZUsG+j6S5UoclK/1AsPv1z2ENA==','2012-02-18 07:42:54',0,0,NULL,'31726ecle2m848k40swgogg0s8gcg4wssw84wgsok40800o0sw',NULL,'a:1:{i:0;s:16:\"ROLE_SUPER_ADMIN\";}',0,NULL,'',0,0,0,'',0,'0');
/*!40000 ALTER TABLE `Users` ENABLE KEYS */;
UNLOCK TABLES;

--
-- Table structure for table `WCondition`
--

DROP TABLE IF EXISTS `WCondition`;
/*!40101 SET @saved_cs_client     = @@character_set_client */;
/*!40101 SET character_set_client = utf8 */;
CREATE TABLE `WCondition` (
  `id` int(11) NOT NULL AUTO_INCREMENT,
  `name` varchar(50) NOT NULL,
  `icon` varchar(255) NOT NULL,
  `criticality` double NOT NULL,
  PRIMARY KEY (`id`)
) ENGINE=InnoDB AUTO_INCREMENT=18 DEFAULT CHARSET=utf8;
/*!40101 SET character_set_client = @saved_cs_client */;

--
-- Dumping data for table `WCondition`
--

LOCK TABLES `WCondition` WRITE;
/*!40000 ALTER TABLE `WCondition` DISABLE KEYS */;
INSERT INTO `WCondition` VALUES (14,'Cloudy','http://www.google.com/ig/images/weather/cloudy.gif',1),(15,'Chance of Storm','http://www.google.com/ig/images/weather/chance_of_storm.gif',1.02),(16,'Mostly Sunny','http://www.google.com/ig/images/weather/mostly_sunny.gif',1),(17,'Clear','http://www.google.com/ig/images/weather/sunny.gif',1);
/*!40000 ALTER TABLE `WCondition` ENABLE KEYS */;
UNLOCK TABLES;

--
-- Table structure for table `Weather`
--

DROP TABLE IF EXISTS `Weather`;
/*!40101 SET @saved_cs_client     = @@character_set_client */;
/*!40101 SET character_set_client = utf8 */;
CREATE TABLE `Weather` (
  `id` int(11) NOT NULL AUTO_INCREMENT,
  `condition_id` int(11) NOT NULL,
  `datetime` int(11) NOT NULL,
  `location` varchar(255) NOT NULL,
  PRIMARY KEY (`id`),
  KEY `IDX_836DEAF2887793B6` (`condition_id`),
  CONSTRAINT `FK_836DEAF2887793B6` FOREIGN KEY (`condition_id`) REFERENCES `WCondition` (`id`)
) ENGINE=InnoDB AUTO_INCREMENT=40 DEFAULT CHARSET=utf8;
/*!40101 SET character_set_client = @saved_cs_client */;

--
-- Dumping data for table `Weather`
--

LOCK TABLES `Weather` WRITE;
/*!40000 ALTER TABLE `Weather` DISABLE KEYS */;
INSERT INTO `Weather` VALUES (21,14,1328207400,'Colombo'),(22,15,1328293800,'Colombo'),(23,15,1328380200,'Colombo'),(24,16,1328466600,'Colombo'),(25,15,1328553000,'Colombo'),(26,15,1328639400,'Colombo'),(27,15,1328725800,'Colombo'),(28,15,1328812200,'Colombo'),(29,15,1328898600,'Colombo'),(30,17,1328985000,'Colombo'),(31,17,1329071400,'Colombo'),(32,17,1329157800,'Colombo'),(33,16,1329244200,'Colombo'),(34,15,1329330600,'Colombo'),(35,17,1329589800,'Colombo'),(36,16,1329676200,'Colombo'),(37,16,1329762600,'Colombo'),(38,16,1329849000,'Colombo'),(39,16,1329935400,'Colombo');
/*!40000 ALTER TABLE `Weather` ENABLE KEYS */;
UNLOCK TABLES;
/*!40103 SET TIME_ZONE=@OLD_TIME_ZONE */;

/*!40101 SET SQL_MODE=@OLD_SQL_MODE */;
/*!40014 SET FOREIGN_KEY_CHECKS=@OLD_FOREIGN_KEY_CHECKS */;
/*!40014 SET UNIQUE_CHECKS=@OLD_UNIQUE_CHECKS */;
/*!40101 SET CHARACTER_SET_CLIENT=@OLD_CHARACTER_SET_CLIENT */;
/*!40101 SET CHARACTER_SET_RESULTS=@OLD_CHARACTER_SET_RESULTS */;
/*!40101 SET COLLATION_CONNECTION=@OLD_COLLATION_CONNECTION */;
/*!40111 SET SQL_NOTES=@OLD_SQL_NOTES */;

-- Dump completed on 2012-02-20 21:22:05
